date,FEDFUNDS,GS1M,GS3M,GS6M,GS1,GS2,GS3,GS5,GS7,GS10,GS20,GS30,AAA,BAA,MORTGAGE30US,CPIAUCSL,CPILFESL,UNRATE,CIVPART,INDPRO,PAYEMS,HOUST,PERMIT,M1SL,M2SL,BASE,UMCSENT,USSLIND
1990-01-01,8.23,,7.9,7.96,7.92,8.09,8.13,8.12,8.2,8.21,,8.26,8.99,9.94,10.05,127.5,132.1,5.4,66.8,61.6352,109196.0,1551.0,1748.0,795.4,3166.8,279.47,93.0,1.71
1990-02-01,8.24,,8.0,8.12,8.11,8.37,8.39,8.42,8.48,8.47,,8.5,9.22,10.14,10.31,128.0,132.7,5.3,66.7,62.1951,109436.0,1437.0,1329.0,798.1,3179.2,279.117,89.5,1.45
1990-03-01,8.28,,8.17,8.28,8.35,8.63,8.63,8.6,8.65,8.59,,8.56,9.37,10.21,10.22,128.6,133.5,5.2,66.7,62.4916,109640.0,1289.0,1246.0,801.5,3190.1,282.817,91.3,1.67
1990-04-01,8.26,,8.04,8.27,8.4,8.72,8.78,8.77,8.81,8.79,,8.76,9.46,10.3,10.56,128.9,134.0,5.4,66.6,62.3511,109674.0,1248.0,1136.0,806.1,3201.6,286.481,93.9,1.31
1990-05-01,8.18,,8.01,8.19,8.32,8.64,8.69,8.74,8.78,8.76,,8.73,9.47,10.41,10.33,129.1,134.4,5.4,66.6,62.5353,109828.0,1212.0,1067.0,804.2,3200.6,286.04,90.6,1.1
1990-06-01,8.29,,7.99,8.05,8.1,8.35,8.4,8.43,8.52,8.48,,8.46,9.26,10.22,10.15,129.9,135.1,5.2,66.4,62.7479,109850.0,1177.0,1108.0,808.8,3213.7,289.68,88.3,1.07
1990-07-01,8.15,,7.87,7.92,7.94,8.16,8.26,8.33,8.46,8.47,,8.5,9.24,10.2,9.98,130.5,135.8,5.5,66.5,62.6435,109815.0,1171.0,1078.0,810.1,3224.5,291.206,88.2,0.64
1990-08-01,8.13,,7.69,7.77,7.78,8.06,8.22,8.44,8.64,8.75,,8.86,9.41,10.41,10.24,131.6,136.6,5.7,66.5,62.8704,109606.0,1115.0,1069.0,815.7,3242.0,295.066,76.4,0.42
1990-09-01,8.2,,7.6,7.7,7.76,8.08,8.27,8.51,8.79,8.89,,9.03,9.56,10.64,10.22,132.5,137.1,5.9,66.4,62.8839,109523.0,1110.0,976.0,820.2,3254.6,297.756,72.8,-0.11
1990-10-01,8.11,,7.4,7.53,7.55,7.88,8.07,8.33,8.59,8.72,,8.86,9.53,10.74,10.17,133.4,137.6,5.9,66.4,62.4973,109377.0,1014.0,925.0,819.9,3259.3,298.601,63.9,-0.07
1990-11-01,7.81,,7.29,7.39,7.31,7.6,7.74,8.02,8.28,8.39,,8.54,9.3,10.62,9.9,133.7,138.0,6.2,66.4,61.7175,109222.0,1145.0,941.0,822.1,3262.6,301.714,66.0,-0.26
1990-12-01,7.31,,6.95,7.03,7.05,7.31,7.47,7.73,8.0,8.08,,8.24,9.05,10.43,9.68,134.2,138.6,6.3,66.4,61.2885,109168.0,969.0,861.0,824.7,3271.8,304.367,65.5,-0.3
1991-01-01,6.91,,6.41,6.58,6.64,7.13,7.38,7.7,7.97,8.09,,8.27,9.04,10.45,9.61,134.7,139.5,6.4,66.2,61.0842,109058.0,798.0,786.0,827.2,3287.7,306.742,66.8,-0.22
1991-02-01,6.25,,6.12,6.19,6.27,6.87,7.08,7.47,7.73,7.85,,8.03,8.83,10.07,9.29,134.8,140.2,6.6,66.2,60.6387,108735.0,965.0,853.0,832.6,3304.5,310.167,70.4,-0.3
1991-03-01,6.12,,6.09,6.2,6.4,7.1,7.35,7.77,8.0,8.11,,8.29,8.93,10.09,9.52,134.8,140.5,6.8,66.3,60.2973,108568.0,921.0,911.0,838.7,3321.9,313.723,87.7,-0.31
1991-04-01,5.91,,5.83,5.98,6.24,6.95,7.23,7.7,7.92,8.04,,8.21,8.86,9.94,9.53,135.1,140.9,6.7,66.4,60.4524,108350.0,1001.0,916.0,843.1,3332.4,314.208,81.8,0.05
1991-05-01,5.78,,5.63,5.87,6.13,6.78,7.12,7.7,7.94,8.07,,8.27,8.86,9.86,9.45,135.6,141.3,6.9,66.2,61.0587,108253.0,996.0,991.0,848.8,3343.0,315.969,78.3,0.45
1991-06-01,5.9,,5.75,6.02,6.36,6.96,7.39,7.94,8.17,8.28,,8.47,9.01,9.96,9.67,136.0,141.8,6.9,66.2,61.5514,108330.0,1036.0,964.0,856.7,3351.9,317.223,82.1,0.83
1991-07-01,5.82,,5.75,5.97,6.31,6.92,7.38,7.91,8.15,8.27,,8.45,9.0,9.89,9.5,136.2,142.3,6.8,66.1,61.7201,108290.0,1063.0,973.0,861.6,3356.1,319.293,82.9,1.22
1991-08-01,5.66,,5.5,5.63,5.78,6.43,6.8,7.43,7.74,7.9,,8.14,8.75,9.65,9.15,136.6,142.9,6.9,66.0,61.7289,108299.0,1049.0,944.0,866.8,3355.0,320.813,82.0,0.91
1991-09-01,5.45,,5.37,5.48,5.57,6.18,6.5,7.14,7.48,7.65,,7.95,8.61,9.51,8.92,137.0,143.4,6.9,66.2,62.2369,108335.0,1015.0,974.0,869.7,3354.9,322.729,83.0,0.94
1991-10-01,5.21,,5.14,5.26,5.33,5.91,6.23,6.87,7.25,7.53,,7.93,8.55,9.49,8.91,137.2,143.7,7.0,66.1,62.1718,108361.0,1079.0,991.0,878.0,3360.1,325.112,78.3,0.82
1991-11-01,4.81,,4.69,4.8,4.89,5.56,5.9,6.62,7.06,7.42,,7.92,8.48,9.45,8.7,137.8,144.2,7.0,66.1,62.0894,108300.0,1103.0,984.0,887.6,3365.5,326.281,69.1,0.7
1991-12-01,4.43,,4.18,4.26,4.38,5.03,5.39,6.19,6.69,7.09,,7.7,8.31,9.26,8.35,138.2,144.7,7.3,66.0,61.806,108330.0,1079.0,1061.0,897.0,3372.2,330.412,68.2,0.73
1992-01-01,4.03,,3.91,4.01,4.15,4.96,5.4,6.24,6.7,7.03,,7.58,8.2,9.13,8.68,138.3,145.1,7.3,66.3,61.4823,108365.0,1176.0,1077.0,910.4,3381.2,331.915,67.5,0.83
1992-02-01,4.06,,3.95,4.08,4.29,5.21,5.72,6.58,6.96,7.34,,7.85,8.29,9.23,8.83,138.6,145.4,7.4,66.2,61.9192,108313.0,1250.0,1146.0,925.2,3400.0,335.127,68.8,1.01
1992-03-01,3.98,,4.14,4.33,4.63,5.69,6.18,6.95,7.26,7.54,,7.97,8.35,9.25,8.98,139.1,145.9,7.4,66.4,62.4403,108367.0,1297.0,1082.0,936.7,3403.9,338.676,76.0,1.17
1992-04-01,3.73,,3.84,4.0,4.3,5.34,5.93,6.78,7.15,7.48,,7.96,8.33,9.21,8.85,139.4,146.3,7.4,66.5,62.9199,108517.0,1099.0,1054.0,943.8,3399.7,340.83,77.2,1.28
1992-05-01,3.82,,3.72,3.88,4.19,5.23,5.81,6.69,7.06,7.39,,7.89,8.28,9.13,8.6,139.7,146.8,7.6,66.6,63.1268,108647.0,1214.0,1056.0,950.6,3398.6,343.181,79.2,1.4
1992-06-01,3.76,,3.75,3.9,4.17,5.05,5.6,6.48,6.9,7.26,,7.84,8.22,9.05,8.43,140.1,147.1,7.8,66.7,63.1624,108707.0,1145.0,1057.0,954.3,3393.4,344.656,80.4,1.37
1992-07-01,3.25,,3.28,3.38,3.6,4.36,4.91,5.84,6.36,6.84,,7.6,8.07,8.84,8.05,140.5,147.6,7.7,66.7,63.7348,108792.0,1139.0,1089.0,963.3,3393.9,348.577,76.6,1.23
1992-08-01,3.3,,3.2,3.31,3.47,4.19,4.72,5.6,6.12,6.59,,7.39,7.95,8.65,8.01,140.8,147.9,7.6,66.6,63.3802,108916.0,1226.0,1075.0,973.7,3398.8,352.723,76.1,1.31
1992-09-01,3.22,,2.97,3.04,3.18,3.89,4.42,5.38,5.96,6.42,,7.34,7.92,8.62,8.02,141.1,148.1,7.6,66.5,63.5834,108952.0,1186.0,1114.0,988.0,3410.3,357.914,75.6,1.45
1992-10-01,3.1,,2.93,3.13,3.3,4.08,4.64,5.6,6.15,6.59,,7.53,7.99,8.84,8.21,141.7,148.8,7.3,66.2,64.0178,109138.0,1244.0,1132.0,1003.7,3423.8,360.366,73.3,1.75
1992-11-01,3.09,,3.21,3.44,3.68,4.58,5.14,6.04,6.49,6.87,,7.61,8.1,8.96,8.29,142.1,149.2,7.4,66.3,64.2628,109283.0,1214.0,1118.0,1015.7,3426.5,364.504,85.3,1.75
1992-12-01,2.92,,3.29,3.47,3.71,4.67,5.21,6.08,6.46,6.77,,7.44,7.98,8.81,8.14,142.3,149.6,7.4,66.3,64.3599,109502.0,1227.0,1176.0,1024.9,3424.7,366.189,91.0,2.18
1993-01-01,3.02,,3.07,3.24,3.5,4.39,4.93,5.83,6.26,6.6,,7.34,7.91,8.67,7.86,142.8,150.1,7.3,66.2,64.6135,109790.0,1210.0,1177.0,1030.4,3419.1,367.994,89.3,1.79
1993-02-01,3.03,,2.99,3.16,3.39,4.1,4.58,5.43,5.87,6.26,,7.09,7.71,8.39,7.53,143.1,150.6,7.1,66.2,64.9262,110048.0,1210.0,1148.0,1033.5,3414.5,372.373,86.6,2.1
1993-03-01,3.07,,3.01,3.15,3.33,3.95,4.4,5.19,5.66,5.98,,6.82,7.58,8.15,7.5,143.3,150.8,7.0,66.2,64.8627,110004.0,1083.0,1056.0,1038.4,3411.7,374.779,85.9,1.61
1993-04-01,2.96,,2.93,3.06,3.24,3.84,4.3,5.13,5.59,5.97,,6.85,7.46,8.14,7.43,143.8,151.4,7.1,66.1,65.0423,110300.0,1258.0,1104.0,1047.6,3411.3,377.843,85.6,1.64
1993-05-01,3.0,,3.03,3.17,3.36,3.98,4.4,5.2,5.66,6.04,,6.92,7.43,8.21,7.5,144.2,151.8,7.1,66.4,64.8006,110571.0,1260.0,1112.0,1065.9,3436.9,381.914,80.3,1.45
1993-06-01,3.04,,3.14,3.29,3.54,4.16,4.53,5.22,5.61,5.96,,6.81,7.33,8.07,7.34,144.3,152.1,7.0,66.5,64.9476,110742.0,1280.0,1130.0,1075.1,3442.4,385.35,81.5,1.6
1993-07-01,3.06,,3.11,3.26,3.47,4.07,4.43,5.09,5.48,5.81,,6.63,7.17,7.93,7.25,144.5,152.3,6.9,66.4,65.1142,111054.0,1254.0,1174.0,1084.6,3442.0,388.603,77.0,1.92
1993-08-01,3.03,,3.09,3.24,3.44,4.0,4.36,5.03,5.35,5.68,,6.32,6.85,7.6,6.97,144.8,152.8,6.8,66.4,65.0421,111200.0,1300.0,1230.0,1094.2,3445.7,392.577,77.3,2.0
1993-09-01,3.09,,3.01,3.15,3.36,3.85,4.17,4.73,5.08,5.36,,6.0,6.66,7.34,6.95,145.0,152.9,6.7,66.2,65.3749,111449.0,1343.0,1251.0,1104.2,3452.2,398.8,77.9,2.04
1993-10-01,2.99,,3.09,3.22,3.39,3.87,4.18,4.71,5.05,5.33,6.07,5.94,6.67,7.31,6.86,145.6,153.4,6.8,66.3,65.863,111734.0,1392.0,1287.0,1113.1,3456.7,402.064,82.7,1.76
1993-11-01,3.02,,3.18,3.36,3.58,4.16,4.5,5.06,5.45,5.72,6.38,6.21,6.93,7.66,7.31,146.0,153.9,6.6,66.3,66.1696,111988.0,1376.0,1357.0,1124.1,3470.1,403.617,81.2,2.09
1993-12-01,2.96,,3.13,3.34,3.61,4.21,4.54,5.15,5.48,5.77,6.4,6.25,6.93,7.69,7.13,146.3,154.3,6.5,66.4,66.5531,112324.0,1533.0,1461.0,1129.6,3474.5,405.803,88.2,2.26
1994-01-01,3.05,,3.04,3.25,3.54,4.14,4.48,5.09,5.43,5.75,6.39,6.29,6.92,7.65,6.97,146.3,154.5,6.6,66.6,66.7591,112601.0,1272.0,1390.0,1131.6,3474.9,410.28,94.3,1.94
1994-02-01,3.25,,3.33,3.53,3.87,4.47,4.83,5.4,5.72,5.97,6.57,6.49,7.08,7.76,7.32,146.7,154.8,6.6,66.6,66.8019,112782.0,1337.0,1269.0,1136.3,3475.7,413.926,93.2,1.95
1994-03-01,3.34,,3.59,3.91,4.32,5.0,5.4,5.94,6.28,6.48,7.0,6.91,7.48,8.13,7.8,147.1,155.3,6.5,66.5,67.4704,113245.0,1564.0,1342.0,1140.1,3480.1,416.574,91.5,2.01
1994-04-01,3.56,,3.78,4.25,4.82,5.55,5.99,6.52,6.8,6.97,7.4,7.27,7.88,8.52,8.32,147.2,155.5,6.4,66.5,67.8707,113589.0,1465.0,1392.0,1141.1,3481.3,419.202,92.6,2.2
1994-05-01,4.01,,4.27,4.79,5.31,5.97,6.34,6.78,7.01,7.18,7.54,7.41,7.99,8.62,8.53,147.5,155.9,6.1,66.6,68.187,113922.0,1526.0,1396.0,1143.3,3490.8,420.971,92.8,2.2
1994-06-01,4.25,,4.25,4.72,5.27,5.93,6.27,6.7,6.91,7.1,7.51,7.4,7.97,8.65,8.46,147.9,156.4,6.1,66.4,68.645,114239.0,1409.0,1357.0,1145.2,3479.5,423.893,91.2,2.27
1994-07-01,4.26,,4.46,4.95,5.48,6.13,6.48,6.91,7.12,7.3,7.67,7.58,8.11,8.8,8.57,148.4,156.7,6.1,66.4,68.7317,114608.0,1439.0,1335.0,1150.7,3488.2,427.609,89.0,2.18
1994-08-01,4.47,,4.61,5.08,5.56,6.18,6.5,6.88,7.06,7.24,7.62,7.49,8.07,8.74,8.56,149.0,157.1,6.0,66.6,69.1882,114903.0,1450.0,1377.0,1150.6,3485.7,429.12,91.7,2.4
1994-09-01,4.73,,4.75,5.24,5.76,6.39,6.69,7.08,7.28,7.46,7.87,7.71,8.34,8.98,8.82,149.3,157.5,5.9,66.6,69.3935,115247.0,1474.0,1412.0,1151.9,3486.1,430.666,91.5,2.08
1994-10-01,4.76,,5.1,5.62,6.11,6.73,7.04,7.4,7.58,7.74,8.08,7.94,8.57,9.2,9.03,149.4,157.8,5.8,66.7,69.9576,115457.0,1450.0,1397.0,1150.2,3484.3,433.695,92.7,2.08
1994-11-01,5.29,,5.45,5.98,6.54,7.15,7.44,7.72,7.83,7.96,8.2,8.08,8.68,9.32,9.25,149.8,158.2,5.6,66.7,70.4288,115868.0,1511.0,1340.0,1150.9,3487.2,435.616,91.6,2.14
1994-12-01,5.45,,5.76,6.5,7.14,7.59,7.71,7.78,7.8,7.81,7.99,7.87,8.46,9.1,9.18,150.1,158.3,5.5,66.7,71.1273,116173.0,1455.0,1396.0,1150.7,3486.4,435.286,95.1,2.13
1995-01-01,5.53,,5.9,6.51,7.05,7.51,7.66,7.76,7.79,7.78,7.97,7.85,8.46,9.08,9.13,150.5,159.0,5.6,66.8,71.2635,116505.0,1407.0,1282.0,1151.4,3492.4,438.123,97.6,2.03
1995-02-01,5.92,,5.94,6.31,6.7,7.11,7.25,7.37,7.44,7.47,7.73,7.61,8.26,8.85,8.73,150.9,159.4,5.4,66.8,71.1758,116694.0,1316.0,1254.0,1147.4,3489.9,438.861,95.1,1.68
1995-03-01,5.98,,5.91,6.17,6.43,6.78,6.89,7.05,7.14,7.2,7.57,7.45,8.12,8.7,8.38,151.2,159.9,5.4,66.7,71.2796,116908.0,1249.0,1226.0,1146.7,3491.1,445.048,90.3,1.57
1995-04-01,6.05,,5.84,6.05,6.27,6.57,6.68,6.86,6.95,7.06,7.45,7.36,8.03,8.6,8.26,151.8,160.4,5.8,66.9,71.1538,117065.0,1267.0,1259.0,1149.3,3499.2,447.754,92.5,1.19
1995-05-01,6.01,,5.85,5.93,6.0,6.17,6.27,6.41,6.5,6.63,7.01,6.95,7.65,8.2,7.85,152.1,160.7,5.6,66.5,71.4997,117047.0,1314.0,1271.0,1145.3,3524.2,448.683,89.8,1.04
1995-06-01,6.0,,5.64,5.66,5.64,5.72,5.8,5.93,6.05,6.17,6.59,6.57,7.3,7.9,7.53,152.4,161.1,5.6,66.5,71.7327,117291.0,1281.0,1305.0,1144.2,3548.9,448.626,92.7,1.15
1995-07-01,5.85,,5.59,5.62,5.59,5.78,5.89,6.01,6.2,6.28,6.74,6.72,7.41,8.04,7.79,152.6,161.4,5.7,66.6,71.4334,117382.0,1461.0,1354.0,1145.5,3567.4,449.503,94.4,1.13
1995-08-01,5.74,,5.57,5.65,5.75,5.98,6.1,6.24,6.41,6.49,6.92,6.86,7.57,8.19,7.88,152.9,161.8,5.7,66.6,72.3723,117646.0,1416.0,1386.0,1145.4,3589.0,451.876,96.2,1.62
1995-09-01,5.8,,5.43,5.54,5.62,5.81,5.89,6.0,6.13,6.2,6.65,6.55,7.32,7.93,7.62,153.1,162.2,5.6,66.6,72.6543,117873.0,1369.0,1421.0,1142.0,3602.1,452.982,88.9,1.5
1995-10-01,5.76,,5.44,5.56,5.59,5.7,5.77,5.86,5.97,6.04,6.45,6.37,7.12,7.75,7.45,153.5,162.7,5.5,66.6,72.5336,118026.0,1369.0,1400.0,1137.3,3613.4,453.592,90.2,1.75
1995-11-01,5.8,,5.52,5.51,5.43,5.48,5.57,5.69,5.83,5.93,6.33,6.26,7.02,7.68,7.35,153.7,163.0,5.6,66.5,72.717,118165.0,1452.0,1430.0,1134.1,3619.9,453.165,88.2,1.48
1995-12-01,5.6,,5.29,5.35,5.31,5.32,5.39,5.51,5.63,5.71,6.12,6.06,6.82,7.49,7.11,153.9,163.1,5.6,66.4,72.9638,118325.0,1431.0,1442.0,1127.5,3629.5,455.013,91.0,1.46
1996-01-01,5.56,,5.15,5.13,5.09,5.11,5.2,5.36,5.54,5.65,6.11,6.05,6.81,7.47,7.0,154.7,163.7,5.6,66.4,72.5712,118317.0,1467.0,1387.0,1123.5,3647.9,456.156,89.3,1.47
1996-02-01,5.22,,4.96,4.97,4.94,5.03,5.14,5.38,5.64,5.81,6.3,6.24,6.99,7.63,7.32,155.0,164.0,5.5,66.6,73.6207,118737.0,1491.0,1420.0,1118.5,3661.8,457.063,88.5,1.45
1996-03-01,5.31,,5.1,5.16,5.34,5.66,5.79,5.97,6.19,6.27,6.74,6.6,7.35,8.03,7.69,155.5,164.4,5.5,66.6,73.5141,118992.0,1424.0,1437.0,1122.6,3686.9,461.086,93.7,1.42
1996-04-01,5.22,,5.09,5.27,5.54,5.96,6.11,6.3,6.48,6.51,6.98,6.79,7.5,8.19,7.92,156.1,164.6,5.6,66.7,74.2491,119158.0,1516.0,1463.0,1124.8,3697.7,460.876,92.7,1.67
1996-05-01,5.24,,5.15,5.33,5.64,6.1,6.27,6.48,6.66,6.74,7.11,6.93,7.62,8.3,8.03,156.4,165.0,5.6,66.7,74.8142,119496.0,1504.0,1457.0,1116.5,3709.6,462.634,89.4,1.79
1996-06-01,5.27,,5.23,5.46,5.81,6.3,6.49,6.69,6.83,6.91,7.22,7.06,7.71,8.4,8.29,156.7,165.4,5.3,66.7,75.3726,119770.0,1467.0,1429.0,1115.2,3722.5,464.163,92.4,2.08
1996-07-01,5.4,,5.3,5.52,5.85,6.27,6.45,6.64,6.76,6.87,7.14,7.03,7.65,8.35,8.19,157.0,165.7,5.5,66.9,75.3738,120019.0,1472.0,1450.0,1112.4,3737.1,469.069,94.7,2.0
1996-08-01,5.22,,5.19,5.34,5.67,6.03,6.21,6.39,6.52,6.64,6.97,6.84,7.46,8.18,8.09,157.2,166.0,5.1,66.7,75.7557,120198.0,1557.0,1413.0,1101.6,3744.0,471.251,95.3,2.0
1996-09-01,5.3,,5.24,5.45,5.83,6.23,6.41,6.6,6.73,6.83,7.17,7.03,7.66,8.35,8.16,157.7,166.5,5.2,66.9,76.2302,120400.0,1475.0,1392.0,1096.2,3753.4,473.005,94.7,1.73
1996-10-01,5.24,,5.12,5.32,5.55,5.91,6.08,6.27,6.42,6.53,6.9,6.81,7.39,8.07,7.86,158.2,166.8,5.2,67.0,76.2157,120665.0,1392.0,1358.0,1085.7,3772.8,475.004,96.5,1.63
1996-11-01,5.31,,5.17,5.27,5.42,5.7,5.82,5.97,6.1,6.2,6.58,6.48,7.1,7.79,7.52,158.7,167.2,5.4,67.0,76.8973,120947.0,1489.0,1412.0,1083.5,3795.1,475.598,99.2,1.48
1996-12-01,5.29,,5.04,5.24,5.47,5.78,5.91,6.07,6.2,6.3,6.65,6.55,7.2,7.89,7.64,159.1,167.4,5.4,67.0,77.3772,121143.0,1370.0,1411.0,1081.3,3818.6,479.173,96.9,1.45
1997-01-01,5.25,,5.17,5.31,5.61,6.01,6.16,6.33,6.47,6.58,6.91,6.83,7.42,8.09,7.88,159.4,167.8,5.3,67.0,77.5135,121357.0,1355.0,1382.0,1081.2,3834.6,481.439,97.4,1.61
1997-02-01,5.19,,5.14,5.27,5.53,5.9,6.03,6.2,6.32,6.42,6.77,6.69,7.31,7.94,7.65,159.7,168.1,5.2,66.9,78.4255,121674.0,1486.0,1445.0,1078.8,3846.3,484.504,99.7,1.82
1997-03-01,5.39,,5.28,5.48,5.8,6.22,6.38,6.54,6.65,6.69,7.05,6.93,7.55,8.18,7.97,159.8,168.4,5.2,67.1,78.9197,121991.0,1457.0,1436.0,1072.5,3861.2,486.379,100.0,2.01
1997-04-01,5.51,,5.3,5.6,5.99,6.45,6.61,6.76,6.86,6.89,7.2,7.09,7.73,8.34,8.08,159.9,168.9,5.1,67.1,78.9848,122288.0,1492.0,1421.0,1063.9,3877.0,487.681,101.4,1.91
1997-05-01,5.5,,5.2,5.53,5.87,6.28,6.42,6.57,6.66,6.71,7.02,6.94,7.58,8.2,7.94,159.9,169.2,4.9,67.1,79.4296,122560.0,1442.0,1414.0,1063.8,3889.2,491.397,103.2,2.04
1997-06-01,5.56,,5.07,5.34,5.69,6.09,6.24,6.38,6.46,6.49,6.84,6.77,7.41,8.02,7.58,160.2,169.4,5.0,67.1,79.7971,122816.0,1494.0,1402.0,1066.1,3906.0,489.998,104.5,1.94
1997-07-01,5.52,,5.19,5.33,5.54,5.89,6.0,6.12,6.2,6.22,6.56,6.51,7.14,7.75,7.43,160.4,169.7,4.9,67.2,80.4666,123114.0,1437.0,1440.0,1065.5,3923.9,495.773,107.1,2.03
1997-08-01,5.54,,5.28,5.4,5.56,5.94,6.06,6.16,6.29,6.3,6.65,6.58,7.22,7.82,7.58,160.8,169.8,4.8,67.2,81.2825,123086.0,1390.0,1449.0,1075.3,3957.4,499.196,104.4,1.58
1997-09-01,5.54,,5.08,5.3,5.52,5.88,5.98,6.11,6.2,6.21,6.56,6.5,7.15,7.7,7.28,161.2,170.2,4.9,67.1,82.0327,123575.0,1546.0,1494.0,1066.9,3973.1,499.22,106.0,1.93
1997-10-01,5.5,,5.11,5.3,5.46,5.77,5.84,5.93,6.05,6.03,6.38,6.33,7.0,7.57,7.21,161.5,170.6,4.7,67.1,82.7656,123924.0,1520.0,1499.0,1065.6,3992.3,503.346,105.6,2.02
1997-11-01,5.52,,5.28,5.38,5.46,5.71,5.76,5.8,5.9,5.88,6.2,6.11,6.87,7.42,7.17,161.7,170.8,4.6,67.2,83.427,124226.0,1510.0,1469.0,1070.9,4014.8,506.383,107.2,2.05
1997-12-01,5.5,,5.3,5.45,5.53,5.72,5.74,5.77,5.83,5.81,6.07,5.99,6.76,7.32,6.99,161.8,171.2,4.7,67.2,83.784,124549.0,1566.0,1456.0,1072.3,4032.9,510.788,102.1,2.09
1998-01-01,5.56,,5.18,5.23,5.24,5.36,5.38,5.42,5.53,5.54,5.88,5.81,6.61,7.19,7.12,162.0,171.6,4.6,67.1,84.1564,124806.0,1525.0,1555.0,1074.0,4056.2,512.213,106.6,1.88
1998-02-01,5.51,,5.23,5.27,5.31,5.42,5.43,5.49,5.6,5.57,5.96,5.89,6.67,7.25,7.09,162.0,171.9,4.6,67.1,84.3066,125017.0,1584.0,1647.0,1077.8,4088.9,515.538,110.4,1.87
1998-03-01,5.49,,5.16,5.25,5.39,5.56,5.57,5.61,5.71,5.65,6.01,5.95,6.72,7.32,7.08,162.0,172.2,4.7,67.1,84.342,125165.0,1567.0,1605.0,1076.9,4114.3,518.136,106.5,1.66
1998-04-01,5.45,,5.08,5.26,5.38,5.56,5.58,5.61,5.7,5.64,6.0,5.92,6.69,7.33,7.15,162.2,172.5,4.3,67.0,84.6339,125446.0,1540.0,1547.0,1076.5,4140.2,519.81,108.7,1.88
1998-05-01,5.49,,5.14,5.36,5.44,5.59,5.61,5.63,5.72,5.65,6.01,5.93,6.69,7.3,7.07,162.6,172.9,4.4,67.0,85.1867,125846.0,1536.0,1554.0,1079.1,4164.4,519.819,106.5,1.98
1998-06-01,5.56,,5.12,5.32,5.41,5.52,5.52,5.52,5.56,5.5,5.8,5.7,6.53,7.13,6.96,162.8,173.2,4.5,67.0,84.6809,126076.0,1641.0,1551.0,1076.3,4184.1,521.57,105.6,1.68
1998-07-01,5.54,,5.09,5.23,5.36,5.46,5.47,5.46,5.52,5.46,5.78,5.68,6.55,7.15,6.97,163.2,173.5,4.5,67.0,84.3445,126211.0,1698.0,1610.0,1075.1,4203.8,525.404,105.2,1.67
1998-08-01,5.55,,5.04,5.15,5.21,5.27,5.24,5.27,5.36,5.34,5.66,5.54,6.52,7.14,6.92,163.4,174.0,4.5,67.0,86.0816,126546.0,1614.0,1654.0,1075.9,4228.7,526.521,104.4,1.69
1998-09-01,5.51,,4.74,4.81,4.71,4.67,4.62,4.62,4.76,4.81,5.38,5.2,6.4,7.09,6.64,163.5,174.2,4.6,67.2,86.0023,126744.0,1582.0,1577.0,1079.9,4267.7,532.402,100.9,1.95
1998-10-01,5.07,,4.07,4.2,4.12,4.09,4.18,4.18,4.46,4.53,5.3,5.01,6.37,7.18,6.83,163.9,174.4,4.5,67.2,86.591,126948.0,1715.0,1719.0,1086.0,4307.9,535.945,97.4,1.69
1998-11-01,4.83,,4.53,4.59,4.53,4.54,4.57,4.54,4.78,4.83,5.48,5.25,6.41,7.34,6.78,164.1,174.8,4.4,67.1,86.5115,127223.0,1660.0,1672.0,1094.9,4346.6,538.114,102.7,1.74
1998-12-01,4.68,,4.5,4.57,4.52,4.51,4.48,4.45,4.65,4.65,5.36,5.06,6.22,7.23,6.83,164.4,175.4,4.4,67.2,86.8615,127595.0,1792.0,1742.0,1095.0,4375.6,541.525,100.5,1.89
1999-01-01,4.63,,4.45,4.49,4.51,4.62,4.61,4.6,4.8,4.72,5.45,5.16,6.24,7.29,6.74,164.7,175.6,4.3,67.2,87.2205,127699.0,1748.0,1732.0,1098.1,4403.0,549.845,103.9,1.66
1999-02-01,4.76,,4.56,4.61,4.7,4.88,4.9,4.91,5.1,5.0,5.66,5.37,6.4,7.39,6.89,164.7,175.6,4.4,67.2,87.726,128118.0,1670.0,1720.0,1096.7,4425.8,552.405,108.1,1.87
1999-03-01,4.81,,4.57,4.65,4.78,5.05,5.11,5.14,5.36,5.23,5.87,5.58,6.62,7.53,6.98,164.8,175.7,4.2,67.0,87.9125,128234.0,1710.0,1665.0,1096.6,4432.6,556.745,105.7,1.86
1999-04-01,4.74,,4.41,4.54,4.69,4.98,5.03,5.08,5.28,5.18,5.82,5.55,6.64,7.48,6.93,165.9,176.3,4.3,67.1,88.1082,128596.0,1553.0,1600.0,1101.6,4461.4,558.267,104.6,1.8
1999-05-01,4.74,,4.63,4.75,4.85,5.25,5.33,5.44,5.64,5.54,6.08,5.81,6.93,7.72,7.23,166.0,176.5,4.2,67.1,88.6483,128813.0,1611.0,1640.0,1103.8,4486.1,565.794,106.8,1.68
1999-06-01,4.76,,4.72,5.03,5.1,5.62,5.7,5.81,6.05,5.9,6.36,6.04,7.23,8.02,7.63,166.0,176.6,4.3,67.1,88.5903,129084.0,1559.0,1702.0,1099.8,4508.0,569.323,107.3,1.67
1999-07-01,4.99,,4.69,4.75,5.03,5.55,5.62,5.68,5.94,5.79,6.28,5.98,7.19,7.95,7.7,166.7,177.1,4.3,67.1,89.1098,129421.0,1669.0,1682.0,1099.1,4535.4,570.433,106.0,1.86
1999-08-01,5.07,,4.87,5.09,5.2,5.68,5.77,5.84,6.15,5.94,6.43,6.07,7.4,8.15,7.8,167.1,177.3,4.2,67.0,89.5007,129572.0,1648.0,1671.0,1099.2,4552.7,573.327,104.5,1.74
1999-09-01,5.22,,4.82,5.08,5.25,5.66,5.75,5.8,6.12,5.92,6.5,6.07,7.39,8.2,7.76,167.8,177.8,4.2,67.0,89.1304,129772.0,1635.0,1551.0,1096.5,4568.8,582.04,107.2,1.62
1999-10-01,5.2,,5.02,5.2,5.43,5.86,5.94,6.03,6.33,6.11,6.66,6.26,7.55,8.38,7.96,168.1,178.1,4.1,67.0,90.2709,130178.0,1608.0,1649.0,1103.3,4592.7,591.116,103.2,1.69
1999-11-01,5.42,,5.23,5.43,5.55,5.86,5.92,5.97,6.17,6.03,6.48,6.15,7.36,8.15,7.75,168.4,178.4,4.1,67.1,90.7528,130467.0,1648.0,1672.0,1110.7,4611.8,606.776,107.2,1.96
1999-12-01,5.3,,5.36,5.68,5.84,6.1,6.14,6.19,6.38,6.28,6.69,6.35,7.55,8.19,8.06,168.8,178.7,4.0,67.1,91.4784,130783.0,1708.0,1683.0,1122.2,4639.3,636.677,105.4,1.9
2000-01-01,5.45,,5.5,5.76,6.12,6.44,6.49,6.58,6.7,6.66,6.86,6.63,7.78,8.33,8.25,169.3,179.3,4.0,67.3,91.4092,131011.0,1636.0,1727.0,1122.1,4667.6,607.39,112.0,1.61
2000-02-01,5.73,,5.73,6.0,6.22,6.61,6.65,6.68,6.72,6.52,6.54,6.23,7.68,8.29,8.31,170.0,179.4,4.1,67.3,91.7245,131121.0,1737.0,1692.0,1108.6,4680.9,601.55,111.3,1.48
2000-03-01,5.85,,5.86,6.11,6.22,6.53,6.53,6.5,6.51,6.26,6.38,6.05,7.68,8.37,8.23,171.0,180.0,4.0,67.3,92.083,131604.0,1604.0,1651.0,1107.5,4711.7,599.758,107.1,1.88
2000-04-01,6.02,,5.82,6.07,6.15,6.4,6.36,6.26,6.27,5.99,6.18,5.85,7.64,8.4,8.13,170.9,180.3,3.8,67.3,92.6659,131883.0,1626.0,1597.0,1115.6,4767.8,599.562,109.2,2.13
2000-05-01,6.27,,5.99,6.39,6.33,6.81,6.77,6.69,6.69,6.44,6.55,6.15,7.99,8.9,8.62,171.2,180.7,4.0,67.1,92.9347,132105.0,1575.0,1543.0,1104.9,4755.7,607.849,110.7,1.85
2000-06-01,6.53,,5.86,6.24,6.17,6.48,6.43,6.3,6.33,6.1,6.28,5.93,7.67,8.48,8.22,172.2,181.1,4.0,67.1,93.0018,132062.0,1559.0,1572.0,1102.6,4773.6,606.904,106.4,1.26
2000-07-01,6.54,,6.14,6.27,6.08,6.34,6.28,6.18,6.22,6.05,6.2,5.85,7.65,8.35,8.13,172.7,181.5,4.0,66.9,92.8373,132228.0,1463.0,1542.0,1103.5,4791.3,607.048,108.3,0.99
2000-08-01,6.5,,6.28,6.35,6.18,6.23,6.17,6.06,6.05,5.83,6.02,5.72,7.55,8.26,7.99,172.7,181.9,4.1,66.9,92.591,132234.0,1541.0,1552.0,1100.2,4819.5,605.42,107.3,1.05
2000-09-01,6.52,,6.18,6.25,6.13,6.08,6.02,5.93,5.98,5.8,6.09,5.83,7.62,8.35,7.88,173.6,182.3,3.9,66.9,92.9827,132338.0,1507.0,1570.0,1099.7,4855.3,605.041,106.8,1.06
2000-10-01,6.51,,6.29,6.32,6.01,5.91,5.85,5.78,5.84,5.74,6.04,5.8,7.55,8.34,7.68,173.9,182.6,3.9,66.8,92.64,132352.0,1549.0,1577.0,1098.7,4871.4,609.535,105.8,1.19
2000-11-01,6.51,,6.36,6.34,6.09,5.88,5.79,5.7,5.78,5.72,5.98,5.78,7.45,8.28,7.73,174.2,183.1,3.9,66.9,92.6604,132556.0,1551.0,1614.0,1092.4,4882.8,613.566,107.6,0.97
2000-12-01,6.4,,5.94,5.92,5.6,5.35,5.26,5.17,5.28,5.24,5.64,5.49,7.21,8.02,7.13,174.6,183.3,3.9,67.0,92.3457,132716.0,1532.0,1543.0,1088.6,4927.7,613.869,98.4,0.8
2001-01-01,5.98,,5.29,5.15,4.81,4.76,4.77,4.86,5.13,5.16,5.65,5.54,7.15,7.93,7.15,175.6,183.9,4.2,67.2,91.8908,132703.0,1600.0,1699.0,1096.7,4978.4,619.075,94.7,0.95
2001-02-01,5.49,,5.01,4.89,4.68,4.66,4.71,4.89,5.1,5.1,5.62,5.45,7.1,7.87,7.12,176.0,184.4,4.2,67.1,91.2851,132788.0,1625.0,1656.0,1101.2,5017.1,618.997,90.6,0.66
2001-03-01,5.31,,4.54,4.44,4.3,4.34,4.43,4.64,4.88,4.89,5.49,5.34,6.98,7.84,6.91,176.1,184.7,4.3,67.2,91.0585,132751.0,1590.0,1659.0,1108.9,5074.9,621.513,91.5,0.46
2001-04-01,4.8,,3.97,3.99,3.98,4.23,4.42,4.76,5.03,5.14,5.78,5.65,7.2,8.07,7.12,176.4,185.1,4.4,66.9,90.7384,132457.0,1649.0,1666.0,1116.7,5139.2,623.026,88.4,0.26
2001-05-01,4.21,,3.7,3.74,3.78,4.26,4.51,4.93,5.24,5.39,5.92,5.78,7.29,8.07,7.2,177.3,185.3,4.3,66.7,90.2607,132409.0,1605.0,1665.0,1118.5,5137.3,634.162,92.0,0.44
2001-06-01,3.97,,3.57,3.56,3.58,4.08,4.35,4.81,5.14,5.28,5.82,5.67,7.18,7.97,7.11,177.7,186.0,4.5,66.7,89.7811,132299.0,1636.0,1626.0,1126.2,5180.3,634.019,92.6,0.6
2001-07-01,3.77,3.67,3.59,3.56,3.62,4.04,4.31,4.76,5.06,5.24,5.75,5.61,7.13,7.97,7.03,177.4,186.4,4.6,66.8,89.2352,132171.0,1670.0,1598.0,1138.9,5210.2,640.976,92.4,0.28
2001-08-01,3.65,3.53,3.44,3.39,3.47,3.76,4.04,4.57,4.84,4.97,5.58,5.48,7.02,7.85,6.92,177.4,186.7,4.9,66.5,89.157,132021.0,1567.0,1615.0,1150.2,5243.9,647.202,91.5,0.39
2001-09-01,3.07,2.68,2.69,2.71,2.82,3.12,3.45,4.12,4.51,4.73,5.53,5.48,7.17,8.03,6.72,178.1,187.1,5.0,66.8,88.6749,131763.0,1562.0,1565.0,1205.7,5355.3,688.793,81.8,-0.08
2001-10-01,2.49,2.27,2.2,2.17,2.33,2.73,3.14,3.91,4.31,4.57,5.34,5.32,7.03,7.91,6.64,177.6,187.4,5.3,66.7,88.4051,131452.0,1540.0,1566.0,1165.7,5344.0,664.004,82.7,-0.32
2001-11-01,2.09,1.99,1.91,1.92,2.18,2.78,3.22,3.97,4.42,4.65,5.33,5.12,6.97,7.81,7.02,177.5,188.1,5.5,66.7,87.886,131144.0,1602.0,1651.0,1171.0,5387.7,665.391,83.9,-0.4
2001-12-01,1.82,1.72,1.72,1.82,2.22,3.11,3.62,4.39,4.86,5.09,5.76,5.48,6.77,8.05,7.16,177.4,188.4,5.7,66.7,87.8518,130983.0,1568.0,1680.0,1183.2,5440.7,668.02,88.8,-0.05
2002-01-01,1.73,1.68,1.68,1.77,2.16,3.03,3.56,4.34,4.79,5.04,5.69,5.45,6.55,7.87,6.96,177.7,188.7,5.7,66.5,88.4634,130859.0,1698.0,1665.0,1190.7,5461.1,674.929,93.0,0.53
2002-02-01,1.74,1.74,1.76,1.86,2.23,3.02,3.55,4.3,4.71,4.91,5.61,5.45,6.51,7.89,6.81,178.0,189.1,5.7,66.8,88.4578,130736.0,1829.0,1787.0,1190.6,5490.4,681.371,90.7,0.71
2002-03-01,1.73,1.79,1.83,2.06,2.57,3.56,4.14,4.74,5.14,5.28,5.93,5.81,6.81,8.11,7.18,178.5,189.2,5.7,66.6,89.1265,130722.0,1642.0,1691.0,1193.3,5502.2,683.259,95.7,0.51
2002-04-01,1.75,1.72,1.75,1.98,2.48,3.42,4.01,4.65,5.02,5.21,5.85,5.79,6.76,8.03,6.88,179.3,189.7,5.9,66.7,89.5507,130615.0,1592.0,1669.0,1186.9,5502.3,686.276,93.0,0.61
2002-05-01,1.75,1.74,1.76,1.91,2.35,3.26,3.8,4.49,4.9,5.16,5.81,5.76,6.75,8.09,6.76,179.5,190.0,5.8,66.7,89.9348,130632.0,1764.0,1716.0,1189.3,5528.5,698.536,96.9,0.73
2002-06-01,1.75,1.72,1.73,1.83,2.2,2.99,3.49,4.19,4.6,4.93,5.65,5.68,6.63,7.95,6.55,179.6,190.2,5.8,66.6,90.6736,130673.0,1717.0,1758.0,1193.3,5553.5,698.154,92.4,0.99
2002-07-01,1.73,1.72,1.71,1.74,1.96,2.56,3.01,3.81,4.3,4.65,5.51,5.59,6.53,7.9,6.34,180.0,190.5,5.8,66.5,90.6436,130583.0,1655.0,1738.0,1199.1,5596.2,702.894,88.1,1.12
2002-08-01,1.74,1.68,1.65,1.64,1.76,2.13,2.52,3.29,3.88,4.26,5.19,5.28,6.37,7.58,6.22,180.5,191.1,5.7,66.6,90.5505,130582.0,1633.0,1695.0,1187.1,5638.4,704.411,87.6,0.91
2002-09-01,1.75,1.67,1.66,1.64,1.72,2.0,2.32,2.94,3.5,3.87,4.87,4.96,6.15,7.4,5.99,180.8,191.3,5.7,66.7,90.6373,130503.0,1804.0,1803.0,1196.1,5662.5,701.542,86.1,0.97
2002-10-01,1.75,1.62,1.61,1.59,1.65,1.91,2.25,2.95,3.54,3.94,5.0,5.18,6.32,7.73,6.31,181.2,191.5,5.7,66.6,90.3988,130617.0,1648.0,1799.0,1204.0,5707.2,711.999,80.6,0.88
2002-11-01,1.34,1.26,1.25,1.3,1.49,1.92,2.32,3.05,3.64,4.05,5.04,5.18,6.31,7.62,6.13,181.5,191.9,5.9,66.4,90.8947,130616.0,1753.0,1771.0,1209.6,5758.2,713.872,84.2,0.72
2002-12-01,1.24,1.2,1.21,1.27,1.45,1.84,2.23,3.03,3.63,4.03,5.01,5.13,6.21,7.45,5.93,181.8,192.1,6.0,66.3,90.3906,130465.0,1788.0,1896.0,1220.2,5779.5,716.732,86.7,0.66
2003-01-01,1.24,1.17,1.19,1.22,1.36,1.74,2.18,3.05,3.6,4.05,5.02,5.14,6.17,7.35,5.9,182.6,192.4,5.8,66.4,91.1369,130573.0,1853.0,1808.0,1227.3,5812.3,721.449,82.4,0.91
2003-02-01,1.26,1.2,1.19,1.2,1.3,1.63,2.05,2.9,3.45,3.9,4.87,5.02,5.95,7.06,5.79,183.6,192.5,5.9,66.4,91.2505,130441.0,1629.0,1854.0,1238.2,5848.4,727.736,79.9,0.69
2003-03-01,1.25,1.18,1.15,1.16,1.24,1.57,1.98,2.78,3.34,3.81,4.82,5.03,5.89,6.95,5.91,183.9,192.5,5.9,66.3,91.0006,130235.0,1726.0,1757.0,1239.3,5868.6,730.796,77.6,0.47
2003-04-01,1.26,1.16,1.15,1.17,1.27,1.62,2.06,2.93,3.47,3.96,4.91,5.13,5.74,6.85,5.79,183.2,192.5,6.0,66.4,90.4311,130172.0,1643.0,1803.0,1250.0,5905.7,737.979,86.0,0.26
2003-05-01,1.26,1.08,1.09,1.11,1.18,1.42,1.75,2.52,3.07,3.57,4.52,4.76,5.22,6.38,5.31,182.9,192.9,6.1,66.4,90.4,130196.0,1751.0,1835.0,1268.8,5965.5,744.404,92.1,0.47
2003-06-01,1.22,0.97,0.94,0.94,1.01,1.23,1.51,2.27,2.84,3.33,4.34,4.62,4.97,6.19,5.24,183.1,193.0,6.3,66.5,90.5196,130185.0,1867.0,1875.0,1281.0,6002.4,740.908,89.7,0.56
2003-07-01,1.01,0.9,0.92,0.97,1.12,1.47,1.93,2.87,3.45,3.98,4.92,5.13,5.49,6.62,5.94,183.7,193.4,6.2,66.2,90.9869,130184.0,1897.0,1885.0,1287.5,6049.4,743.783,90.9,0.93
2003-08-01,1.03,0.95,0.97,1.05,1.31,1.86,2.44,3.37,3.96,4.45,5.39,5.45,5.88,7.01,6.32,184.5,193.6,6.1,66.1,90.7933,130153.0,1833.0,1966.0,1296.4,6107.3,748.81,89.3,1.13
2003-09-01,1.01,0.91,0.96,1.03,1.24,1.71,2.23,3.18,3.74,4.27,5.21,5.28,5.72,6.79,5.98,185.1,193.7,6.1,66.1,91.3819,130253.0,1939.0,1961.0,1297.2,6079.9,744.265,87.7,1.49
2003-10-01,1.01,0.91,0.94,1.02,1.25,1.75,2.26,3.19,3.75,4.29,5.21,5.3,5.7,6.73,5.94,184.9,194.0,6.0,66.1,91.5049,130440.0,1967.0,2012.0,1297.8,6070.2,756.753,89.6,1.56
2003-11-01,1.0,0.94,0.95,1.04,1.34,1.93,2.45,3.29,3.81,4.3,5.17,5.25,5.65,6.66,5.89,185.0,194.0,5.8,66.1,92.1265,130481.0,2083.0,1918.0,1299.1,6075.7,755.76,93.7,1.53
2003-12-01,0.98,0.89,0.91,1.01,1.31,1.91,2.44,3.27,3.79,4.27,5.11,5.21,5.62,6.6,5.85,185.5,194.2,5.7,65.9,92.1732,130589.0,2057.0,1987.0,1306.2,6074.0,754.886,92.6,1.78
2004-01-01,1.0,0.85,0.9,0.99,1.24,1.76,2.27,3.12,3.65,4.15,5.01,5.13,5.54,6.44,5.68,186.3,194.6,5.7,66.1,92.3268,130756.0,1911.0,1952.0,1306.0,6082.2,757.899,103.8,1.51
2004-02-01,1.01,0.92,0.94,1.01,1.24,1.74,2.25,3.07,3.59,4.08,4.94,5.08,5.5,6.27,5.58,186.7,194.9,5.6,66.0,92.8995,130820.0,1846.0,1966.0,1321.4,6121.9,761.906,94.4,1.47
2004-03-01,1.0,0.96,0.95,1.01,1.19,1.58,2.0,2.79,3.31,3.83,4.72,4.9,5.33,6.11,5.4,187.1,195.5,5.8,66.0,92.5368,131139.0,1998.0,2066.0,1328.7,6158.0,767.243,95.8,1.61
2004-04-01,1.0,0.91,0.96,1.11,1.43,2.07,2.57,3.39,3.89,4.35,5.16,5.28,5.73,6.46,6.01,187.4,195.9,5.6,65.9,92.8957,131412.0,2003.0,2070.0,1332.8,6199.1,769.922,94.2,1.64
2004-05-01,1.0,0.91,1.04,1.33,1.78,2.53,3.1,3.85,4.31,4.72,5.46,5.51,6.04,6.75,6.32,188.2,196.2,5.6,66.0,93.5845,131697.0,1981.0,2150.0,1333.3,6275.9,773.124,90.2,1.8
2004-06-01,1.03,1.05,1.29,1.64,2.12,2.76,3.26,3.93,4.35,4.73,5.45,5.48,6.01,6.78,6.25,188.9,196.6,5.6,66.1,92.8651,131794.0,1828.0,2020.0,1342.7,6278.1,775.008,95.6,1.53
2004-07-01,1.26,1.19,1.36,1.7,2.1,2.64,3.05,3.69,4.11,4.5,5.24,5.31,5.82,6.62,6.08,189.1,196.8,5.5,66.1,93.5502,131853.0,2002.0,2112.0,1340.8,6291.3,783.986,96.7,1.57
2004-08-01,1.43,1.37,1.5,1.76,2.02,2.51,2.88,3.47,3.9,4.28,5.07,5.15,5.65,6.46,5.82,189.2,196.9,5.4,66.0,93.6301,131940.0,2024.0,2056.0,1354.3,6317.9,783.24,95.9,1.47
2004-09-01,1.61,1.55,1.68,1.91,2.12,2.53,2.83,3.36,3.75,4.13,4.89,4.98,5.46,6.27,5.72,189.8,197.5,5.4,65.8,93.7353,132091.0,1905.0,2041.0,1362.5,6352.3,794.241,94.2,1.38
2004-10-01,1.76,1.63,1.79,2.05,2.23,2.58,2.85,3.35,3.75,4.1,4.85,4.94,5.47,6.21,5.64,190.8,197.9,5.5,65.9,94.5695,132431.0,2072.0,2097.0,1362.3,6379.9,793.887,91.7,1.38
2004-11-01,1.93,1.92,2.11,2.32,2.5,2.85,3.09,3.53,3.88,4.19,4.89,4.95,5.52,6.2,5.72,191.7,198.3,5.4,66.0,94.8015,132504.0,1782.0,2079.0,1374.2,6406.5,794.299,92.8,1.5
2004-12-01,2.16,1.96,2.22,2.5,2.67,3.01,3.21,3.6,3.93,4.23,4.88,4.91,5.47,6.15,5.81,191.7,198.6,5.4,65.9,95.5415,132629.0,2042.0,2082.0,1376.0,6424.7,789.19,97.1,1.37
2005-01-01,2.28,2.05,2.37,2.68,2.86,3.22,3.39,3.71,3.97,4.22,4.77,4.77,5.36,6.02,5.66,191.6,199.0,5.3,65.8,95.8785,132781.0,2144.0,2139.0,1367.1,6431.0,793.825,95.5,1.16
2005-02-01,2.5,2.36,2.58,2.85,3.03,3.38,3.54,3.77,3.97,4.17,4.61,4.56,5.2,5.82,5.69,192.4,199.4,5.4,65.9,96.5709,133033.0,2207.0,2114.0,1371.1,6439.1,797.116,94.1,1.54
2005-03-01,2.63,2.65,2.8,3.09,3.3,3.73,3.91,4.17,4.33,4.5,4.89,4.77,5.4,6.06,6.04,193.1,200.1,5.2,65.9,96.4345,133152.0,1864.0,2062.0,1370.9,6448.4,804.425,92.6,1.39
2005-04-01,2.79,2.64,2.84,3.14,3.32,3.65,3.79,4.0,4.16,4.34,4.75,4.65,5.33,6.05,5.78,193.7,200.2,5.2,66.1,96.6347,133519.0,2061.0,2150.0,1358.4,6462.0,803.524,87.7,1.64
2005-05-01,3.0,2.65,2.9,3.17,3.33,3.64,3.72,3.85,3.94,4.14,4.56,4.49,5.15,6.01,5.65,193.6,200.5,5.1,66.1,96.7251,133689.0,2025.0,2085.0,1366.0,6479.2,803.174,86.9,1.31
2005-06-01,3.04,2.83,3.04,3.22,3.36,3.64,3.69,3.77,3.86,4.0,4.35,4.28,4.96,5.86,5.53,193.7,200.6,5.0,66.1,97.1483,133947.0,2068.0,2178.0,1380.1,6511.8,805.24,96.0,1.67
2005-07-01,3.26,3.1,3.29,3.53,3.64,3.87,3.91,3.98,4.06,4.18,4.48,4.38,5.06,5.95,5.77,194.9,200.9,5.0,66.1,96.8397,134300.0,2054.0,2203.0,1369.0,6543.7,808.913,96.5,1.68
2005-08-01,3.5,3.34,3.52,3.78,3.87,4.04,4.08,4.12,4.18,4.26,4.53,4.44,5.09,5.96,5.77,196.1,201.1,4.9,66.2,97.1584,134503.0,2095.0,2219.0,1377.8,6576.5,813.471,89.1,1.78
2005-09-01,3.62,3.23,3.49,3.79,3.85,3.95,3.96,4.01,4.08,4.2,4.51,4.45,5.13,6.03,5.91,198.8,201.3,5.0,66.1,95.2764,134554.0,2151.0,2263.0,1378.6,6610.3,821.501,76.9,1.3
2005-10-01,3.78,3.51,3.79,4.13,4.18,4.27,4.29,4.33,4.38,4.46,4.74,4.64,5.35,6.3,6.15,199.1,202.0,5.0,66.1,96.4411,134643.0,2065.0,2170.0,1376.5,6644.1,817.326,74.2,1.35
2005-11-01,4.0,3.91,3.97,4.3,4.33,4.42,4.43,4.45,4.48,4.54,4.83,4.7,5.42,6.39,6.28,198.1,202.5,5.0,66.0,97.5016,134999.0,2147.0,2218.0,1376.1,6660.8,818.802,81.6,1.51
2005-12-01,4.16,3.69,3.97,4.33,4.35,4.4,4.39,4.39,4.41,4.47,4.73,4.62,5.37,6.32,6.22,198.1,202.8,4.9,66.0,97.9723,135158.0,1994.0,2120.0,1374.3,6688.0,814.846,91.5,1.7
2006-01-01,4.29,4.12,4.34,4.47,4.45,4.4,4.35,4.35,4.37,4.42,4.65,4.57,5.29,6.24,6.12,199.3,203.2,4.7,66.0,98.127,135426.0,2273.0,2212.0,1379.5,6730.3,826.644,91.2,1.85
2006-02-01,4.49,4.38,4.54,4.69,4.68,4.67,4.64,4.57,4.56,4.57,4.73,4.57,5.35,6.27,6.26,199.4,203.6,4.8,66.1,98.1687,135731.0,2119.0,2141.0,1378.4,6754.9,829.055,86.7,1.62
2006-03-01,4.59,4.55,4.63,4.79,4.77,4.73,4.74,4.72,4.71,4.72,4.91,4.73,5.53,6.41,6.35,199.7,204.3,4.7,66.2,98.3913,136036.0,1969.0,2118.0,1383.2,6769.5,836.56,88.9,1.58
2006-04-01,4.79,4.61,4.72,4.9,4.9,4.89,4.89,4.9,4.94,4.99,5.22,5.06,5.84,6.68,6.58,200.7,204.8,4.7,66.1,98.6826,136208.0,1821.0,1998.0,1381.4,6807.0,836.814,87.4,1.43
2006-05-01,4.94,4.7,4.84,5.01,5.0,4.97,4.97,5.0,5.03,5.11,5.35,5.2,5.95,6.75,6.62,201.3,205.4,4.6,66.1,98.7074,136249.0,1942.0,1905.0,1387.2,6813.9,840.14,79.1,1.08
2006-06-01,4.99,4.71,4.92,5.17,5.16,5.12,5.09,5.07,5.08,5.11,5.29,5.15,5.89,6.78,6.78,201.8,205.9,4.6,66.2,99.0398,136335.0,1802.0,1867.0,1375.4,6852.1,837.28,84.9,1.13
2006-07-01,5.24,4.9,5.08,5.27,5.22,5.12,5.07,5.04,5.05,5.09,5.25,5.13,5.85,6.76,6.72,202.9,206.3,4.7,66.1,98.9751,136529.0,1737.0,1763.0,1372.4,6893.9,837.891,84.7,0.72
2006-08-01,5.25,5.16,5.09,5.17,5.08,4.9,4.85,4.82,4.83,4.88,5.08,5.0,5.68,6.59,6.44,203.8,206.8,4.7,66.2,99.4047,136693.0,1650.0,1722.0,1372.4,6925.3,839.996,82.0,1.01
2006-09-01,5.25,4.77,4.93,5.08,4.97,4.77,4.69,4.67,4.68,4.72,4.93,4.85,5.51,6.43,6.31,202.8,207.2,4.5,66.1,99.2246,136829.0,1720.0,1655.0,1364.4,6952.6,841.9,85.4,0.88
2006-10-01,5.25,4.97,5.05,5.12,5.01,4.8,4.72,4.69,4.69,4.73,4.94,4.85,5.51,6.42,6.4,201.9,207.6,4.4,66.2,99.1229,136846.0,1491.0,1570.0,1370.3,7002.0,839.061,93.6,1.08
2006-11-01,5.25,5.21,5.07,5.15,5.01,4.74,4.64,4.58,4.58,4.6,4.78,4.69,5.33,6.2,6.14,202.0,207.8,4.5,66.3,99.0963,137061.0,1570.0,1535.0,1370.8,7037.5,838.856,92.1,0.82
2006-12-01,5.24,4.87,4.97,5.07,4.94,4.67,4.58,4.53,4.54,4.56,4.78,4.68,5.32,6.22,6.18,203.1,208.1,4.4,66.4,100.1125,137249.0,1649.0,1638.0,1366.6,7080.4,836.216,91.7,1.0
2007-01-01,5.25,4.94,5.11,5.15,5.06,4.88,4.79,4.75,4.75,4.76,4.95,4.85,5.4,6.34,6.25,203.437,208.6,4.6,66.4,99.7546,137472.0,1409.0,1626.0,1371.7,7118.5,852.225,96.9,1.28
2007-02-01,5.26,5.18,5.16,5.16,5.05,4.85,4.75,4.71,4.71,4.72,4.93,4.82,5.39,6.28,6.22,204.226,209.135,4.5,66.3,100.7166,137558.0,1480.0,1598.0,1363.0,7134.6,851.152,91.3,1.09
2007-03-01,5.26,5.21,5.08,5.1,4.92,4.57,4.51,4.48,4.5,4.56,4.81,4.72,5.3,6.27,6.16,205.288,209.418,4.4,66.2,100.8952,137782.0,1495.0,1596.0,1366.5,7168.5,850.64,88.4,1.34
2007-04-01,5.25,4.99,5.01,5.07,4.93,4.67,4.6,4.59,4.62,4.69,4.95,4.87,5.47,6.39,6.16,205.904,209.747,4.5,65.9,101.5723,137845.0,1490.0,1470.0,1378.0,7241.0,849.755,87.1,1.04
2007-05-01,5.25,4.82,4.87,4.98,4.91,4.77,4.69,4.67,4.69,4.75,4.98,4.9,5.47,6.39,6.42,206.755,210.058,4.4,66.0,101.6269,137993.0,1415.0,1493.0,1380.9,7254.9,851.752,88.3,1.21
2007-06-01,5.25,4.52,4.74,4.95,4.96,4.98,5.0,5.03,5.05,5.1,5.29,5.2,5.79,6.7,6.67,207.234,210.392,4.6,66.0,101.6547,138069.0,1448.0,1407.0,1368.2,7288.1,851.782,85.3,0.7
2007-07-01,5.26,4.82,4.96,5.04,4.96,4.82,4.82,4.88,4.93,5.0,5.19,5.11,5.73,6.65,6.69,207.603,210.773,4.7,66.0,101.4953,138044.0,1354.0,1361.0,1371.8,7319.0,854.668,90.4,0.51
2007-08-01,5.02,4.2,4.32,4.55,4.47,4.31,4.34,4.43,4.53,4.67,5.0,4.93,5.79,6.65,6.45,207.667,211.119,4.6,65.8,101.6943,138013.0,1330.0,1321.0,1376.3,7395.1,854.847,83.4,0.55
2007-09-01,4.94,3.78,3.99,4.2,4.14,4.01,4.06,4.2,4.33,4.52,4.84,4.79,5.74,6.59,6.42,208.547,211.554,4.7,66.0,101.9428,138101.0,1183.0,1261.0,1375.7,7413.3,859.067,83.4,0.4
2007-10-01,4.76,3.81,4.0,4.16,4.1,3.97,4.01,4.2,4.33,4.53,4.83,4.77,5.66,6.48,6.33,209.19,212.077,4.7,65.8,101.6446,138177.0,1264.0,1192.0,1379.4,7428.4,856.75,80.9,0.61
2007-11-01,4.49,3.68,3.35,3.58,3.5,3.34,3.35,3.67,3.87,4.15,4.56,4.52,5.44,6.4,6.1,210.834,212.66,4.7,66.0,102.2167,138291.0,1197.0,1224.0,1371.8,7453.8,857.765,76.1,0.43
2007-12-01,4.24,2.86,3.07,3.34,3.26,3.12,3.13,3.49,3.74,4.1,4.57,4.53,5.49,6.65,6.17,211.445,213.168,5.0,66.0,102.2764,138395.0,1037.0,1149.0,1373.4,7484.2,846.248,75.5,0.25
2008-01-01,3.94,2.74,2.82,2.84,2.71,2.48,2.51,2.98,3.31,3.74,4.35,4.33,5.33,6.54,5.68,212.174,213.771,5.0,66.2,102.1493,138391.0,1084.0,1094.0,1377.7,7517.8,860.575,78.4,0.41
2008-02-01,2.98,2.27,2.17,2.1,2.05,1.97,2.19,2.78,3.21,3.74,4.49,4.52,5.53,6.82,6.24,212.687,213.939,4.9,66.0,101.7756,138327.0,1103.0,1014.0,1380.4,7604.2,860.706,70.8,0.32
2008-03-01,2.61,1.35,1.28,1.51,1.54,1.62,1.8,2.48,2.93,3.51,4.36,4.39,5.51,6.89,5.85,213.448,214.42,5.1,66.1,101.4508,138257.0,1005.0,967.0,1388.7,7670.3,864.872,69.5,0.19
2008-04-01,2.28,1.07,1.31,1.58,1.74,2.05,2.23,2.84,3.19,3.68,4.44,4.44,5.55,6.97,6.03,213.942,214.56,5.0,65.9,100.7554,138038.0,1013.0,1008.0,1391.4,7712.8,856.653,62.6,0.18
2008-05-01,1.98,1.76,1.76,1.86,2.06,2.45,2.69,3.15,3.46,3.88,4.6,4.6,5.57,6.93,6.08,215.208,214.936,5.4,66.1,100.1336,137851.0,973.0,995.0,1393.4,7725.5,861.305,59.8,0.0
2008-06-01,2.0,1.72,1.89,2.19,2.42,2.77,3.08,3.49,3.73,4.1,4.74,4.69,5.68,7.07,6.45,217.463,215.424,5.6,66.1,99.8728,137698.0,1046.0,1180.0,1404.6,7744.2,864.457,56.4,-0.12
2008-07-01,2.01,1.6,1.66,1.98,2.28,2.57,2.87,3.3,3.6,4.01,4.62,4.57,5.67,7.16,6.52,219.016,215.965,5.8,66.1,99.4194,137498.0,923.0,921.0,1421.1,7791.5,876.418,61.2,-0.41
2008-08-01,2.0,1.68,1.75,1.97,2.18,2.42,2.7,3.14,3.46,3.89,4.53,4.5,5.64,7.15,6.4,218.69,216.393,6.1,66.1,97.8491,137211.0,844.0,858.0,1407.4,7806.1,876.969,63.0,-0.79
2008-09-01,1.81,0.89,1.15,1.64,1.91,2.08,2.32,2.88,3.25,3.69,4.32,4.27,5.65,7.31,6.09,218.877,216.713,6.1,66.0,93.5576,136762.0,820.0,797.0,1462.0,7872.7,949.813,70.3,-0.6
2008-10-01,0.97,0.29,0.69,1.23,1.42,1.61,1.86,2.73,3.19,3.81,4.45,4.17,6.28,8.88,6.46,216.995,216.788,6.5,66.0,94.4985,136293.0,777.0,736.0,1473.8,7975.3,1182.358,57.6,-1.18
2008-11-01,0.39,0.09,0.19,0.74,1.07,1.21,1.51,2.29,2.82,3.53,4.27,4.0,6.12,9.21,5.97,213.153,216.947,6.8,65.9,93.2617,135543.0,652.0,626.0,1514.6,8027.3,1505.043,55.3,-1.77
2008-12-01,0.16,0.03,0.03,0.26,0.49,0.82,1.07,1.52,1.89,2.42,3.18,2.87,5.05,8.43,5.1,211.398,216.925,7.3,65.8,90.6266,134847.0,560.0,554.0,1601.7,8205.0,1690.829,60.1,-1.88
2009-01-01,0.15,0.05,0.13,0.3,0.44,0.81,1.13,1.6,1.98,2.52,3.46,3.13,5.05,8.14,5.1,211.933,217.346,7.8,65.7,88.3712,134078.0,490.0,545.0,1582.8,8289.4,1752.506,61.2,-2.32
2009-02-01,0.22,0.22,0.3,0.46,0.62,0.98,1.37,1.87,2.3,2.87,3.83,3.59,5.27,8.08,5.07,212.705,217.792,8.3,65.8,87.843,133317.0,582.0,558.0,1567.2,8319.6,1624.615,56.3,-2.29
2009-03-01,0.18,0.1,0.22,0.43,0.64,0.93,1.31,1.82,2.42,2.82,3.78,3.64,5.5,8.42,4.85,212.495,218.253,8.7,65.6,86.4689,132492.0,505.0,513.0,1578.9,8386.7,1729.204,57.3,-2.65
2009-04-01,0.15,0.1,0.16,0.35,0.55,0.93,1.32,1.86,2.47,2.93,3.84,3.76,5.39,8.39,4.78,212.709,218.706,9.0,65.7,85.7903,131821.0,478.0,521.0,1611.6,8391.4,1818.868,65.1,-2.21
2009-05-01,0.18,0.14,0.18,0.3,0.5,0.93,1.39,2.13,2.81,3.29,4.22,4.23,5.54,8.06,4.91,213.022,218.904,9.4,65.7,84.9436,131468.0,540.0,556.0,1617.5,8449.5,1836.305,68.7,-1.29
2009-06-01,0.21,0.1,0.18,0.31,0.51,1.18,1.76,2.71,3.37,3.72,4.51,4.52,5.61,7.5,5.42,214.79,219.112,9.5,65.7,84.6746,131007.0,585.0,601.0,1658.8,8459.5,1749.754,70.8,-0.77
2009-07-01,0.16,0.15,0.18,0.28,0.48,1.02,1.55,2.46,3.14,3.56,4.38,4.41,5.41,7.09,5.25,214.726,219.263,9.5,65.5,85.6853,130662.0,594.0,595.0,1662.5,8463.8,1702.42,66.0,-0.21
2009-08-01,0.16,0.12,0.17,0.27,0.46,1.12,1.65,2.57,3.21,3.59,4.33,4.37,5.26,6.58,5.14,215.445,219.496,9.6,65.4,86.6393,130472.0,586.0,616.0,1660.0,8463.3,1769.36,65.7,-0.06
2009-09-01,0.15,0.06,0.12,0.21,0.4,0.96,1.48,2.37,3.02,3.4,4.14,4.19,5.13,6.31,5.04,215.861,219.92,9.8,65.1,87.3821,130247.0,585.0,609.0,1664.9,8461.8,1837.697,73.5,0.3
2009-10-01,0.12,0.04,0.07,0.16,0.37,0.95,1.46,2.33,2.96,3.39,4.16,4.19,5.15,6.29,5.03,216.509,220.501,10.0,65.0,87.5809,130062.0,534.0,583.0,1677.7,8488.1,1963.53,70.6,0.17
2009-11-01,0.12,0.05,0.05,0.15,0.31,0.8,1.32,2.23,2.92,3.4,4.24,4.31,5.19,6.32,4.78,217.234,220.666,9.9,65.0,87.9388,130058.0,588.0,623.0,1683.0,8517.3,2010.411,67.4,0.46
2009-12-01,0.12,0.03,0.05,0.17,0.37,0.87,1.38,2.34,3.07,3.59,4.4,4.49,5.26,6.37,5.14,217.347,220.881,9.9,64.6,88.2404,129808.0,581.0,664.0,1692.8,8512.5,1994.443,72.5,0.65
2010-01-01,0.11,0.02,0.06,0.15,0.35,0.93,1.49,2.48,3.21,3.73,4.5,4.6,5.26,6.25,4.98,217.488,220.633,9.8,64.8,89.1897,129802.0,614.0,636.0,1674.7,8478.0,2059.534,74.4,0.54
2010-02-01,0.13,0.06,0.11,0.18,0.35,0.86,1.4,2.36,3.12,3.69,4.48,4.62,5.35,6.34,5.05,217.281,220.731,9.8,64.9,89.5046,129705.0,604.0,650.0,1699.8,8527.6,2183.734,73.6,0.76
2010-03-01,0.16,0.12,0.15,0.23,0.4,0.96,1.51,2.43,3.16,3.73,4.49,4.64,5.27,6.27,4.99,217.353,220.783,9.9,64.9,90.1356,129865.0,636.0,687.0,1711.9,8523.7,2100.228,73.6,1.1
2010-04-01,0.2,0.15,0.16,0.24,0.45,1.06,1.64,2.58,3.28,3.85,4.53,4.69,5.29,6.25,5.06,217.403,220.822,9.9,65.2,90.4607,130120.0,687.0,637.0,1699.0,8555.1,2048.446,72.2,1.14
2010-05-01,0.2,0.15,0.16,0.22,0.37,0.83,1.32,2.18,2.86,3.42,4.11,4.29,4.96,6.05,4.78,217.29,220.962,9.6,64.9,91.7014,130643.0,583.0,575.0,1710.1,8609.3,2050.98,73.6,1.42
2010-06-01,0.18,0.08,0.12,0.19,0.32,0.72,1.17,2.0,2.66,3.2,3.95,4.13,4.88,6.23,4.69,217.199,221.194,9.4,64.6,91.9033,130509.0,536.0,587.0,1731.6,8628.4,2012.426,76.0,1.45
2010-07-01,0.18,0.16,0.16,0.2,0.29,0.62,0.98,1.76,2.43,3.01,3.8,3.99,4.72,6.01,4.54,217.605,221.363,9.4,64.6,92.2549,130415.0,546.0,579.0,1724.0,8639.8,2017.495,67.8,1.41
2010-08-01,0.19,0.15,0.16,0.19,0.26,0.52,0.78,1.47,2.1,2.7,3.52,3.8,4.49,5.66,4.36,217.923,221.509,9.5,64.7,92.5936,130416.0,599.0,580.0,1748.7,8688.2,2030.254,68.9,0.89
2010-09-01,0.19,0.12,0.15,0.19,0.26,0.48,0.74,1.41,2.05,2.65,3.47,3.77,4.53,5.66,4.32,218.275,221.711,9.5,64.6,92.8533,130342.0,594.0,563.0,1766.2,8718.9,1998.998,68.2,0.51
2010-10-01,0.19,0.14,0.13,0.18,0.23,0.38,0.57,1.18,1.85,2.54,3.52,3.87,4.68,5.72,4.23,219.035,221.83,9.4,64.4,92.6033,130621.0,543.0,558.0,1780.4,8768.7,2003.253,67.7,0.79
2010-11-01,0.19,0.13,0.14,0.18,0.25,0.45,0.67,1.35,2.02,2.76,3.82,4.19,4.87,5.92,4.4,219.59,222.149,9.8,64.6,92.6686,130749.0,545.0,560.0,1828.4,8789.3,1983.597,71.6,1.4
2010-12-01,0.18,0.09,0.14,0.19,0.29,0.62,0.99,1.93,2.66,3.29,4.17,4.42,5.02,6.1,4.86,220.472,222.343,9.3,64.3,93.5916,130830.0,539.0,632.0,1836.7,8822.9,1982.764,74.5,1.52
2011-01-01,0.17,0.14,0.15,0.18,0.27,0.61,1.03,1.99,2.72,3.39,4.28,4.52,5.04,6.09,4.8,221.187,222.803,9.1,64.2,93.3889,130837.0,630.0,576.0,1846.3,8845.2,2101.331,74.2,1.43
2011-02-01,0.16,0.11,0.13,0.17,0.29,0.77,1.28,2.26,2.96,3.58,4.42,4.65,5.22,6.15,4.95,221.898,223.213,9.0,64.1,93.0045,131056.0,517.0,542.0,1870.1,8909.0,2275.159,77.5,1.49
2011-03-01,0.14,0.06,0.1,0.16,0.26,0.7,1.17,2.11,2.8,3.41,4.27,4.51,5.13,6.03,4.86,223.046,223.454,9.0,64.2,93.9684,131282.0,600.0,583.0,1896.5,8967.0,2439.362,67.5,1.65
2011-04-01,0.1,0.03,0.06,0.12,0.25,0.73,1.21,2.17,2.84,3.46,4.28,4.5,5.16,6.02,4.78,224.093,223.727,9.1,64.2,93.6571,131597.0,554.0,581.0,1897.0,9030.4,2548.912,69.8,1.53
2011-05-01,0.09,0.02,0.04,0.09,0.19,0.56,0.94,1.84,2.51,3.17,4.01,4.29,4.96,5.78,4.6,224.806,224.175,9.0,64.1,93.7723,131704.0,561.0,618.0,1941.6,9102.7,2586.55,74.3,1.3
2011-06-01,0.09,0.02,0.04,0.1,0.18,0.41,0.71,1.58,2.29,3.0,3.91,4.23,4.99,5.75,4.51,224.806,224.697,9.1,64.0,94.0493,131931.0,608.0,636.0,1963.4,9176.7,2645.918,71.5,1.23
2011-07-01,0.07,0.04,0.04,0.08,0.19,0.41,0.68,1.54,2.28,3.0,3.95,4.27,4.93,5.76,4.55,225.395,225.218,9.0,64.0,94.4958,131993.0,623.0,621.0,1996.0,9338.7,2710.804,63.7,1.31
2011-08-01,0.1,0.02,0.02,0.06,0.11,0.23,0.38,1.02,1.63,2.3,3.24,3.65,4.37,5.36,4.22,226.106,225.862,9.0,64.1,95.0974,132125.0,585.0,647.0,2115.4,9525.1,2689.166,55.8,1.64
2011-09-01,0.08,0.01,0.01,0.04,0.1,0.21,0.35,0.9,1.42,1.98,2.83,3.18,4.09,5.27,4.01,226.597,226.118,9.0,64.2,95.0244,132344.0,650.0,610.0,2120.0,9545.3,2684.755,59.5,1.38
2011-10-01,0.07,0.01,0.02,0.05,0.11,0.28,0.47,1.06,1.62,2.15,2.87,3.13,3.98,5.37,4.1,226.75,226.506,8.8,64.1,95.6891,132553.0,610.0,671.0,2128.5,9578.1,2698.943,60.8,1.56
2011-11-01,0.08,0.01,0.01,0.05,0.11,0.25,0.39,0.91,1.45,2.01,2.72,3.02,3.87,5.14,3.98,227.169,226.899,8.6,64.1,95.6778,132690.0,711.0,706.0,2182.0,9629.8,2581.281,63.7,1.81
2011-12-01,0.07,0.0,0.01,0.05,0.12,0.26,0.39,0.89,1.43,1.98,2.67,2.98,3.93,5.25,3.95,227.223,227.405,8.5,64.0,96.1809,132888.0,694.0,697.0,2165.7,9677.4,2559.195,69.9,1.73
2012-01-01,0.08,0.02,0.03,0.07,0.12,0.24,0.36,0.84,1.38,1.97,2.7,3.03,3.85,5.23,3.98,227.842,227.877,8.3,63.7,96.7595,133245.0,723.0,712.0,2201.8,9750.5,2683.568,75.0,1.97
2012-02-01,0.1,0.06,0.09,0.12,0.16,0.28,0.38,0.83,1.37,1.97,2.75,3.11,3.85,5.14,3.95,228.329,228.034,8.3,63.8,97.0662,133508.0,704.0,738.0,2207.1,9802.2,2753.052,75.3,1.89
2012-03-01,0.13,0.06,0.08,0.14,0.19,0.34,0.51,1.02,1.56,2.17,2.94,3.28,3.99,5.23,3.99,228.807,228.478,8.2,63.8,96.5609,133748.0,695.0,806.0,2227.8,9846.2,2692.011,76.2,1.94
2012-04-01,0.14,0.07,0.08,0.14,0.18,0.29,0.43,0.89,1.43,2.05,2.82,3.18,3.96,5.19,3.88,229.187,228.905,8.2,63.7,97.251,133825.0,753.0,732.0,2237.3,9899.8,2691.398,76.4,1.82
2012-05-01,0.16,0.07,0.09,0.15,0.19,0.29,0.39,0.76,1.21,1.8,2.53,2.93,3.8,5.07,3.75,228.713,229.224,8.2,63.7,97.4595,133933.0,708.0,796.0,2256.2,9943.0,2641.713,79.3,1.73
2012-06-01,0.16,0.05,0.09,0.15,0.19,0.29,0.39,0.71,1.08,1.62,2.31,2.7,3.64,5.02,3.66,228.524,229.623,8.2,63.8,97.4768,134012.0,757.0,794.0,2275.3,10013.0,2604.879,73.2,1.5
2012-07-01,0.16,0.07,0.1,0.15,0.19,0.25,0.33,0.62,0.98,1.53,2.22,2.59,3.4,4.87,3.49,228.59,229.97,8.2,63.7,97.6714,134157.0,740.0,849.0,2315.0,10065.7,2694.187,72.3,1.47
2012-08-01,0.13,0.09,0.1,0.14,0.18,0.27,0.37,0.71,1.14,1.68,2.4,2.77,3.48,4.91,3.59,229.918,230.233,8.1,63.5,97.2734,134338.0,754.0,840.0,2354.1,10136.4,2690.232,74.3,1.44
2012-09-01,0.14,0.08,0.11,0.14,0.18,0.26,0.34,0.67,1.12,1.72,2.49,2.88,3.49,4.84,3.4,231.015,230.659,7.8,63.6,97.2217,134517.0,847.0,930.0,2386.6,10216.6,2655.945,78.3,1.62
2012-10-01,0.16,0.11,0.1,0.15,0.18,0.28,0.37,0.71,1.15,1.75,2.51,2.9,3.47,4.58,3.41,231.638,231.024,7.8,63.8,97.5311,134668.0,915.0,887.0,2420.1,10282.8,2642.388,82.6,1.82
2012-11-01,0.16,0.12,0.09,0.14,0.18,0.27,0.36,0.67,1.08,1.65,2.39,2.8,3.5,4.51,3.32,231.249,231.33,7.7,63.6,97.9084,134825.0,833.0,917.0,2441.2,10351.8,2651.078,82.7,1.37
2012-12-01,0.16,0.04,0.07,0.12,0.16,0.26,0.35,0.7,1.13,1.72,2.47,2.88,3.65,4.63,3.35,231.221,231.725,7.9,63.7,98.1884,135074.0,976.0,941.0,2460.7,10474.4,2633.407,72.9,1.58
2013-01-01,0.14,0.05,0.07,0.11,0.15,0.27,0.39,0.81,1.3,1.91,2.68,3.08,3.8,4.73,3.53,231.679,232.229,8.0,63.7,98.1736,135257.0,888.0,940.0,2476.7,10497.6,2796.27,73.8,1.71
2013-02-01,0.15,0.08,0.1,0.12,0.16,0.27,0.4,0.85,1.35,1.98,2.78,3.17,3.9,4.85,3.51,232.937,232.569,7.7,63.4,98.6434,135545.0,962.0,980.0,2468.9,10516.6,2879.279,77.6,2.0
2013-03-01,0.14,0.08,0.09,0.11,0.15,0.26,0.39,0.82,1.32,1.96,2.78,3.16,3.93,4.85,3.57,232.282,232.794,7.5,63.3,99.047,135689.0,1010.0,936.0,2476.3,10572.9,2976.943,78.6,1.8
2013-04-01,0.15,0.05,0.06,0.09,0.12,0.23,0.34,0.71,1.15,1.76,2.55,2.93,3.73,4.59,3.4,231.797,232.832,7.6,63.4,98.9445,135873.0,835.0,1012.0,2504.9,10600.4,3061.737,76.4,1.71
2013-05-01,0.11,0.02,0.04,0.08,0.12,0.25,0.4,0.84,1.31,1.93,2.73,3.11,3.89,4.73,3.81,231.893,232.996,7.5,63.4,99.0383,136095.0,930.0,1003.0,2523.5,10634.7,3172.842,84.5,1.67
2013-06-01,0.09,0.03,0.05,0.09,0.14,0.33,0.58,1.2,1.71,2.3,3.07,3.4,4.27,5.19,4.46,232.445,233.35,7.5,63.4,99.2221,136279.0,839.0,942.0,2521.0,10692.3,3191.845,84.1,1.56
2013-07-01,0.09,0.02,0.04,0.07,0.12,0.34,0.64,1.4,1.99,2.58,3.31,3.61,4.34,5.32,4.31,232.9,233.88,7.3,63.3,98.8987,136391.0,880.0,997.0,2542.3,10731.5,3326.426,85.1,1.54
2013-08-01,0.08,0.04,0.04,0.07,0.13,0.36,0.7,1.52,2.15,2.74,3.49,3.76,4.54,5.42,4.51,233.456,234.336,7.2,63.3,99.4897,136646.0,917.0,964.0,2551.3,10789.6,3427.953,82.1,1.67
2013-09-01,0.08,0.02,0.02,0.04,0.12,0.4,0.78,1.6,2.22,2.81,3.53,3.79,4.64,5.47,4.32,233.544,234.7,7.2,63.2,100.021,136821.0,850.0,1004.0,2585.5,10850.0,3545.856,77.5,1.75
2013-10-01,0.09,0.11,0.05,0.08,0.12,0.34,0.63,1.37,1.99,2.62,3.38,3.68,4.53,5.31,4.1,233.669,234.921,7.2,62.8,99.9037,137041.0,925.0,1044.0,2631.2,10974.2,3628.269,73.2,1.39
2013-11-01,0.08,0.05,0.07,0.1,0.12,0.3,0.58,1.37,2.07,2.72,3.5,3.8,4.63,5.38,4.29,234.1,235.359,6.9,63.0,100.1582,137316.0,1100.0,1029.0,2638.8,10982.9,3689.518,75.1,1.54
2013-12-01,0.09,0.02,0.07,0.1,0.13,0.34,0.69,1.58,2.29,2.9,3.63,3.89,4.62,5.38,4.48,234.719,235.759,6.7,62.9,100.374,137373.0,1002.0,1005.0,2674.2,11047.8,3670.291,82.5,1.5
2014-01-01,0.07,0.02,0.04,0.07,0.12,0.39,0.78,1.65,2.29,2.86,3.52,3.77,4.49,5.19,4.32,235.288,235.961,6.6,62.9,99.9899,137561.0,888.0,976.0,2714.1,11117.6,3819.261,81.2,1.85
2014-02-01,0.07,0.05,0.05,0.08,0.12,0.33,0.69,1.52,2.15,2.71,3.38,3.66,4.45,5.1,4.37,235.547,236.185,6.7,62.9,100.7471,137712.0,944.0,1039.0,2730.2,11183.2,3883.639,81.6,1.41
2014-03-01,0.08,0.05,0.05,0.08,0.13,0.4,0.82,1.64,2.23,2.72,3.35,3.62,4.38,5.06,4.4,236.028,236.625,6.7,63.1,101.7435,137985.0,970.0,1067.0,2749.3,11219.1,3963.548,80.0,1.49
2014-04-01,0.09,0.02,0.03,0.05,0.11,0.42,0.88,1.7,2.27,2.71,3.27,3.52,4.24,4.9,4.33,236.468,237.072,6.2,62.8,101.8273,138297.0,1043.0,1090.0,2774.2,11264.0,3927.569,84.1,1.79
2014-05-01,0.09,0.03,0.03,0.05,0.1,0.39,0.83,1.59,2.12,2.56,3.12,3.39,4.16,4.76,4.12,236.918,237.529,6.3,62.9,102.2392,138512.0,1007.0,1018.0,2785.3,11328.5,3933.707,81.9,1.85
2014-06-01,0.1,0.02,0.04,0.06,0.1,0.45,0.9,1.68,2.19,2.6,3.15,3.42,4.25,4.8,4.14,237.231,237.837,6.1,62.8,102.5774,138849.0,911.0,1010.0,2817.2,11383.7,3963.259,82.5,1.95
2014-07-01,0.09,0.02,0.03,0.06,0.11,0.51,0.97,1.7,2.17,2.54,3.07,3.33,4.16,4.73,4.12,237.498,238.195,6.2,62.9,102.7954,139073.0,1085.0,1076.0,2837.3,11438.4,4041.143,81.8,1.92
2014-08-01,0.09,0.03,0.03,0.05,0.11,0.47,0.93,1.63,2.08,2.42,2.94,3.2,4.08,4.69,4.1,237.46,238.405,6.1,62.9,102.6322,139269.0,984.0,1047.0,2787.0,11462.5,4125.516,82.5,1.74
2014-09-01,0.09,0.01,0.02,0.04,0.11,0.57,1.05,1.77,2.22,2.53,3.01,3.26,4.11,4.8,4.2,237.477,238.786,5.9,62.8,102.9417,139563.0,1023.0,1077.0,2861.2,11503.7,4149.829,84.6,1.97
2014-10-01,0.09,0.02,0.02,0.05,0.1,0.45,0.88,1.55,1.98,2.3,2.77,3.04,3.92,4.69,3.98,237.43,239.191,5.7,62.9,102.9611,139797.0,1074.0,1094.0,2880.4,11577.5,3976.002,86.9,2.04
2014-11-01,0.09,0.04,0.02,0.07,0.13,0.53,0.96,1.62,2.03,2.33,2.76,3.04,3.92,4.79,3.97,236.983,239.458,5.8,62.9,103.5978,140090.0,1001.0,1059.0,2888.2,11618.2,3813.008,88.8,1.74
2014-12-01,0.12,0.03,0.03,0.11,0.21,0.64,1.06,1.64,1.98,2.21,2.55,2.83,3.79,4.74,3.87,236.252,239.584,5.6,62.8,103.6151,140364.0,1073.0,1072.0,2955.8,11701.9,3994.596,93.6,2.02
2015-01-01,0.11,0.02,0.03,0.08,0.2,0.55,0.9,1.37,1.67,1.88,2.2,2.46,3.46,4.45,3.66,234.747,239.811,5.7,62.9,102.7923,140568.0,1085.0,1049.0,2955.6,11788.8,4139.597,98.1,1.7
2015-02-01,0.11,0.02,0.02,0.07,0.22,0.62,0.99,1.47,1.79,1.98,2.34,2.57,3.61,4.51,3.8,235.342,240.172,5.5,62.7,102.1366,140827.0,886.0,1127.0,3025.2,11905.6,3883.112,95.4,1.7
2015-03-01,0.11,0.02,0.03,0.11,0.25,0.64,1.02,1.52,1.84,2.04,2.41,2.63,3.64,4.54,3.69,235.976,240.755,5.4,62.6,101.7869,140923.0,960.0,1072.0,3001.2,11903.7,4144.63,93.0,1.7
2015-04-01,0.12,0.02,0.02,0.09,0.23,0.54,0.87,1.35,1.69,1.94,2.33,2.59,3.52,4.48,3.68,236.222,241.346,5.4,62.8,101.2255,141196.0,1190.0,1166.0,3002.7,11937.6,4027.909,95.9,1.71
2015-05-01,0.12,0.01,0.02,0.08,0.24,0.61,0.98,1.54,1.93,2.2,2.69,2.96,3.98,4.89,3.87,237.001,241.688,5.6,62.9,100.7675,141538.0,1079.0,1272.0,2978.3,11965.0,3951.587,90.7,1.89
2015-06-01,0.13,0.01,0.02,0.09,0.28,0.69,1.07,1.68,2.1,2.36,2.85,3.11,4.19,5.13,4.02,237.657,242.064,5.3,62.7,100.4588,141709.0,1205.0,1379.0,3014.8,12005.6,3953.136,96.1,1.68
2015-07-01,0.13,0.03,0.03,0.12,0.3,0.67,1.03,1.63,2.04,2.32,2.77,3.07,4.15,5.2,3.98,238.034,242.565,5.2,62.6,101.0893,141991.0,1146.0,1140.0,3035.1,12049.2,4036.557,93.1,1.84
2015-08-01,0.14,0.04,0.07,0.22,0.38,0.7,1.03,1.54,1.91,2.17,2.55,2.86,4.04,5.19,3.84,238.033,242.817,5.1,62.6,100.9165,142125.0,1130.0,1165.0,3014.3,12093.7,3967.383,91.9,1.76
2015-09-01,0.14,0.01,0.02,0.18,0.37,0.71,1.01,1.49,1.88,2.17,2.62,2.95,4.07,5.34,3.86,237.498,243.316,5.0,62.4,100.633,142275.0,1224.0,1144.0,3038.0,12154.8,3981.04,87.2,1.78
2015-10-01,0.12,0.01,0.02,0.11,0.26,0.64,0.93,1.39,1.76,2.07,2.5,2.89,3.95,5.34,3.76,237.733,243.768,5.0,62.5,100.1563,142579.0,1058.0,1160.0,3017.9,12206.1,4087.021,90.0,1.59
2015-11-01,0.12,0.07,0.13,0.33,0.48,0.88,1.2,1.67,2.02,2.26,2.69,3.03,4.06,5.46,3.95,238.017,244.241,5.1,62.5,99.4366,142808.0,1172.0,1244.0,3074.6,12297.5,3995.121,91.3,1.55
2015-12-01,0.24,0.17,0.23,0.5,0.65,0.98,1.28,1.7,2.04,2.24,2.61,2.97,3.97,5.46,4.01,237.761,244.547,5.0,62.7,98.9471,143077.0,1146.0,1211.0,3106.3,12368.7,3822.108,92.6,1.63
2016-01-01,0.34,0.23,0.26,0.43,0.54,0.9,1.14,1.52,1.85,2.09,2.49,2.86,4.0,5.45,3.79,237.652,244.955,4.8,62.7,99.4391,143210.0,1092.0,1171.0,3107.2,12506.0,3920.594,92.0,1.4
2016-02-01,0.38,0.26,0.31,0.45,0.53,0.73,0.9,1.22,1.53,1.78,2.2,2.62,3.96,5.34,3.62,237.336,245.51,4.9,62.8,98.9232,143407.0,1225.0,1172.0,3142.5,12578.2,3923.777,91.7,1.72
2016-03-01,0.36,0.25,0.3,0.47,0.66,0.88,1.04,1.38,1.68,1.89,2.28,2.68,3.82,5.13,3.71,238.08,245.913,5.0,63.0,98.1635,143662.0,1111.0,1118.0,3157.8,12629.0,3874.912,91.0,1.61
2016-04-01,0.37,0.19,0.23,0.37,0.56,0.77,0.92,1.26,1.57,1.81,2.21,2.62,3.62,4.79,3.66,238.992,246.551,5.1,62.9,98.4775,143855.0,1163.0,1160.0,3200.1,12708.0,3897.703,89.0,1.56
2016-05-01,0.37,0.23,0.28,0.42,0.59,0.82,0.97,1.3,1.6,1.81,2.22,2.63,3.65,4.68,3.64,239.557,247.137,4.8,62.7,98.2549,143900.0,1148.0,1205.0,3236.8,12775.0,3837.894,94.7,1.43
2016-06-01,0.38,0.22,0.27,0.4,0.55,0.73,0.86,1.17,1.44,1.64,2.02,2.45,3.5,4.53,3.48,240.222,247.54,4.9,62.7,98.7315,144146.0,1203.0,1208.0,3242.5,12835.4,3873.931,93.5,1.45
2016-07-01,0.39,0.26,0.3,0.4,0.51,0.67,0.79,1.07,1.33,1.5,1.82,2.23,3.28,4.22,3.48,240.101,247.829,4.8,62.8,98.8452,144520.0,1239.0,1198.0,3242.1,12889.7,3821.464,90.0,1.5
2016-08-01,0.4,0.26,0.3,0.45,0.57,0.74,0.85,1.13,1.4,1.56,1.89,2.26,3.32,4.24,3.43,240.545,248.423,4.9,62.9,98.7427,144662.0,1171.0,1201.0,3310.8,12973.9,3828.079,89.8,1.54
2016-09-01,0.4,0.19,0.29,0.47,0.59,0.77,0.9,1.18,1.46,1.63,2.02,2.35,3.41,4.31,3.42,241.176,248.842,5.0,62.9,98.6552,144967.0,1068.0,1303.0,3319.6,13034.2,3682.998,91.2,1.36
2016-10-01,0.4,0.24,0.33,0.48,0.66,0.84,0.99,1.27,1.56,1.76,2.17,2.5,3.51,4.38,3.47,241.741,249.142,4.9,62.8,98.7237,145066.0,1313.0,1254.0,3332.0,13107.5,3600.265,87.2,1.27
2016-11-01,0.41,0.3,0.45,0.58,0.74,0.98,1.22,1.6,1.93,2.14,2.54,2.86,3.86,4.71,4.03,242.026,249.481,4.7,62.7,98.3443,145183.0,1140.0,1230.0,3347.1,13181.0,3637.658,93.8,1.7
2016-12-01,0.54,0.42,0.51,0.64,0.87,1.2,1.49,1.96,2.29,2.49,2.84,3.11,4.06,4.83,4.32,242.637,249.92,4.7,62.7,99.0406,145408.0,1252.0,1248.0,3345.4,13226.1,3520.607,98.2,1.62
2017-01-01,0.65,0.5,0.52,0.62,0.83,1.21,1.48,1.92,2.23,2.43,2.75,3.02,3.92,4.66,4.19,243.618,250.467,4.7,62.8,98.8158,145628.0,1190.0,1303.0,3399.1,13300.7,3675.571,98.5,1.73
2017-02-01,0.66,0.48,0.53,0.65,0.82,1.2,1.47,1.9,2.22,2.42,2.76,3.03,3.95,4.64,4.16,244.006,250.998,4.6,62.9,98.4356,145848.0,1271.0,1234.0,3409.9,13367.3,3780.058,96.3,1.58
2017-03-01,0.79,0.66,0.75,0.89,1.01,1.31,1.59,2.01,2.3,2.48,2.83,3.08,4.01,4.68,4.14,243.892,250.944,4.4,62.9,99.0492,145969.0,1190.0,1272.0,3455.8,13428.7,3862.054,96.9,1.73
2017-04-01,0.9,0.75,0.81,0.95,1.04,1.24,1.44,1.82,2.1,2.3,2.67,2.94,3.87,4.57,4.03,244.193,251.227,4.4,63.0,100.0416,146174.0,1146.0,1251.0,3454.5,13484.7,3861.878,97.0,1.59
2017-05-01,0.91,0.73,0.9,1.04,1.12,1.3,1.48,1.84,2.11,2.3,2.7,2.96,3.85,4.55,3.95,244.004,251.43,4.4,62.8,100.128,146380.0,1157.0,1208.0,3517.8,13536.7,3790.733,97.1,1.42
2017-06-01,1.04,0.84,1.0,1.11,1.2,1.34,1.49,1.77,2.01,2.19,2.54,2.8,3.68,4.37,3.88,244.163,251.746,4.3,62.8,100.337,146583.0,1249.0,1353.0,3525.5,13558.5,3808.126,95.0,1.52
2017-07-01,1.15,0.97,1.09,1.13,1.22,1.37,1.54,1.87,2.13,2.32,2.65,2.88,3.7,4.39,3.92,244.243,251.985,4.3,62.9,100.0865,146772.0,1206.0,1256.0,3546.3,13615.4,3839.288,93.4,1.43
2017-08-01,1.16,0.98,1.03,1.13,1.23,1.34,1.48,1.78,2.03,2.21,2.55,2.8,3.63,4.31,3.82,245.183,252.535,4.4,62.9,99.6323,146919.0,1159.0,1319.0,3581.8,13674.6,3942.662,96.8,1.39
2017-09-01,1.15,0.99,1.05,1.17,1.28,1.38,1.51,1.8,2.03,2.2,2.53,2.78,3.63,4.3,3.83,246.435,252.812,4.3,63.1,99.7482,147007.0,1181.0,1273.0,3563.6,13723.0,3857.962,95.1,1.2
2017-10-01,1.15,1.0,1.09,1.25,1.4,1.55,1.68,1.98,2.2,2.36,2.65,2.88,3.6,4.32,3.94,246.626,253.526,4.2,62.7,100.9893,147150.0,1257.0,1356.0,3603.9,13782.3,3865.281,100.7,1.59
2017-11-01,1.16,1.09,1.25,1.39,1.56,1.7,1.81,2.05,2.23,2.35,2.6,2.8,3.57,4.27,3.9,247.284,253.816,4.2,62.7,101.2493,147373.0,1273.0,1299.0,3622.0,13814.9,3926.009,98.5,1.45
2017-12-01,1.3,1.2,1.34,1.5,1.7,1.84,1.96,2.18,2.32,2.4,2.6,2.77,3.51,4.22,3.99,247.805,254.344,4.1,62.7,101.4871,147523.0,1177.0,1311.0,3612.6,13873.8,3848.263,95.9,1.48
2018-01-01,1.41,1.3,1.43,1.62,1.8,2.03,2.15,2.38,2.51,2.58,2.73,2.88,3.55,4.26,4.15,248.859,255.204,4.0,62.7,101.4852,147660.0,1299.0,1317.0,3659.1,13883.2,3843.533,95.7,1.55
2018-02-01,1.42,1.38,1.59,1.79,1.96,2.18,2.36,2.6,2.78,2.86,3.02,3.13,3.82,4.51,4.4,249.529,255.711,4.1,63.0,101.7319,148054.0,1277.0,1321.0,3621.3,13919.3,3879.093,99.7,1.66
2018-03-01,1.51,1.64,1.73,1.92,2.06,2.28,2.42,2.63,2.77,2.84,2.97,3.09,3.87,4.64,4.44,249.577,256.271,4.0,62.9,102.1943,148280.0,1318.0,1385.0,3667.4,13976.0,3771.434,101.4,1.69
2018-04-01,1.69,1.66,1.79,1.98,2.15,2.38,2.52,2.7,2.82,2.87,2.96,3.07,3.85,4.67,4.58,250.227,256.63,4.0,62.9,103.3551,148422.0,1276.0,1378.0,3664.0,13993.9,3767.242,98.8,1.59
2018-05-01,1.7,1.71,1.9,2.07,2.27,2.51,2.66,2.82,2.93,2.98,3.05,3.13,4.0,4.83,4.56,250.792,257.145,3.8,62.9,102.381,148740.0,1357.0,1338.0,3655.7,14049.6,3692.161,98.0,1.57
2018-06-01,1.82,1.81,1.94,2.11,2.33,2.53,2.65,2.78,2.87,2.91,2.98,3.05,3.96,4.83,4.55,251.018,257.399,4.0,63.0,103.2256,148959.0,1192.0,1345.0,3655.9,14109.9,3686.285,98.2,1.55
2018-07-01,1.91,1.89,1.99,2.17,2.39,2.61,2.7,2.78,2.85,2.89,2.94,3.01,3.87,4.79,4.54,251.214,257.699,3.8,63.0,103.3561,149020.0,1208.0,1334.0,3679.5,14144.2,3669.489,97.9,1.36
2018-08-01,1.91,1.94,2.07,2.24,2.45,2.64,2.71,2.77,2.84,2.89,2.97,3.04,3.88,4.77,4.52,251.663,257.891,3.8,62.6,104.0585,149279.0,1288.0,1273.0,3686.3,14193.9,3572.839,96.2,1.46
2018-09-01,1.95,2.04,2.17,2.34,2.56,2.77,2.84,2.89,2.96,3.0,3.08,3.15,3.98,4.88,4.72,252.182,258.368,3.7,62.8,104.1038,149358.0,1250.0,1314.0,3694.8,14229.3,3565.486,100.1,1.25
2018-10-01,2.19,2.17,2.29,2.46,2.65,2.86,2.94,3.0,3.09,3.15,3.27,3.34,4.14,5.07,4.86,252.772,258.917,3.8,62.9,103.9297,149526.0,1221.0,1272.0,3722.9,14241.4,3541.783,98.6,1.31
2018-11-01,2.2,2.24,2.37,2.52,2.7,2.86,2.91,2.95,3.04,3.12,3.27,3.36,4.22,5.22,4.81,252.594,259.439,3.8,62.9,104.0126,149617.0,1181.0,1340.0,3697.3,14260.8,3476.423,97.5,1.0
2018-12-01,2.27,2.37,2.41,2.54,2.66,2.68,2.67,2.68,2.75,2.83,2.98,3.1,4.02,5.13,4.55,252.767,260.063,3.9,63.0,104.0451,149809.0,1095.0,1317.0,3761.0,14382.6,3364.774,98.3,0.99
2019-01-01,2.4,2.4,2.42,2.51,2.58,2.54,2.52,2.54,2.61,2.71,2.89,3.04,3.93,5.12,4.46,252.561,260.766,4.0,63.1,103.3598,150059.0,1226.0,1254.0,3754.1,14446.1,3348.412,91.2,1.0
2019-02-01,2.4,2.43,2.44,2.5,2.55,2.5,2.48,2.49,2.57,2.68,2.87,3.02,3.79,4.95,4.35,253.319,261.186,3.8,63.1,102.8251,150065.0,1121.0,1286.0,3762.3,14481.2,3373.058,93.8,1.1
2019-03-01,2.41,2.45,2.45,2.51,2.49,2.41,2.37,2.37,2.47,2.57,2.8,2.98,3.77,4.84,4.06,254.277,261.567,3.8,63.0,102.8361,150295.0,1191.0,1295.0,3738.4,14526.2,3362.836,98.4,1.2
2019-04-01,2.42,2.43,2.43,2.46,2.42,2.34,2.31,2.33,2.43,2.53,2.76,2.94,3.69,4.7,4.2,255.233,261.997,3.7,62.8,102.2748,150593.0,1272.0,1322.0,3789.9,14554.5,3307.532,97.2,1.4
2019-05-01,2.39,2.4,2.4,2.42,2.34,2.21,2.16,2.19,2.29,2.4,2.63,2.82,3.67,4.63,3.99,255.296,262.217,3.6,62.9,102.4176,150621.0,1293.0,1347.0,3789.2,14652.4,3254.819,100.0,1.38
2019-06-01,2.38,2.22,2.22,2.17,2.0,1.81,1.78,1.83,1.95,2.07,2.36,2.57,3.42,4.46,3.73,255.213,262.739,3.6,63.0,102.5425,150839.0,1243.0,1299.0,3832.1,14771.4,3323.649,98.2,1.11
2019-07-01,2.4,2.15,2.15,2.08,1.96,1.84,1.8,1.83,1.93,2.06,2.36,2.57,3.29,4.28,3.75,255.802,263.28,3.7,63.1,102.0057,150936.0,1240.0,1379.0,3862.5,14853.5,3300.035,98.4,1.3
2019-08-01,2.13,2.07,1.99,1.93,1.77,1.57,1.51,1.49,1.55,1.63,1.91,2.12,2.98,3.87,3.58,256.036,263.877,3.6,63.1,102.7814,151171.0,1375.0,1482.0,3847.1,14934.7,3269.441,89.8,1.32
2019-09-01,2.04,1.99,1.93,1.89,1.8,1.65,1.59,1.57,1.64,1.7,1.97,2.16,3.03,3.91,3.64,256.43,264.388,3.5,63.2,102.4601,151365.0,1311.0,1469.0,3894.0,15031.4,3180.673,93.2,1.5
2019-10-01,1.83,1.73,1.68,1.67,1.61,1.55,1.53,1.53,1.62,1.71,2.0,2.19,3.01,3.92,3.78,257.155,264.97,3.6,63.3,101.5878,151460.0,1325.0,1523.0,3926.3,15167.3,3251.331,95.5,1.41
2019-11-01,1.55,1.58,1.57,1.59,1.57,1.61,1.61,1.64,1.74,1.81,2.13,2.28,3.06,3.94,3.68,257.879,265.548,3.6,63.3,102.1494,151668.0,1353.0,1535.0,3942.6,15276.9,3307.112,96.8,1.38
2019-12-01,1.55,1.55,1.57,1.58,1.55,1.61,1.63,1.68,1.79,1.86,2.16,2.3,3.01,3.88,3.74,258.63,266.02,3.6,63.3,101.9421,151795.0,1548.0,1443.0,4003.6,15348.0,3382.8,99.3,1.48
2020-01-01,1.55,1.53,1.55,1.56,1.53,1.52,1.52,1.56,1.67,1.76,2.07,2.22,2.94,3.77,3.51,259.127,266.716,3.6,63.3,101.3372,152031.0,1581.0,1495.0,3989.3,15416.8,,99.8,1.57
2020-02-01,1.58,1.58,1.54,1.51,1.41,1.33,1.31,1.32,1.42,1.5,1.81,1.97,2.78,3.61,3.45,259.25,267.37,3.5,63.3,101.6718,152292.0,1549.0,1455.0,4001.1,15467.0,,101.0,1.72
2020-03-01,0.65,0.37,0.3,0.3,0.33,0.45,0.5,0.59,0.78,0.87,1.26,1.46,3.02,4.29,3.5,258.076,267.054,4.4,62.6,97.606,150895.0,1266.0,1346.0,4266.0,15993.8,,89.1,
2020-04-01,0.05,0.11,0.14,0.17,0.18,0.22,0.28,0.39,0.55,0.66,1.06,1.27,2.43,4.13,3.23,256.032,265.746,14.8,60.1,84.6812,130424.0,936.0,1076.0,4804.3,17005.8,,71.8,
2020-05-01,0.05,0.1,0.13,0.15,0.16,0.17,0.22,0.34,0.53,0.67,1.12,1.38,2.5,3.95,3.15,255.802,265.412,13.2,60.8,86.0108,133040.0,1039.0,1250.0,16231.5,17853.4,,72.3,
2020-06-01,0.08,0.13,0.16,0.18,0.18,0.19,0.22,0.34,0.55,0.73,1.27,1.49,2.44,3.64,3.13,257.042,265.849,11.0,61.5,91.6745,137671.0,1266.0,1334.0,16554.5,18141.1,,78.1,
2020-07-01,0.09,0.11,0.13,0.14,0.15,0.15,0.17,0.28,0.46,0.62,1.09,1.31,2.14,3.31,2.99,258.352,267.389,10.2,61.5,95.0037,139255.0,1526.0,1546.0,16761.7,18298.0,,72.5,
2020-08-01,0.1,0.08,0.1,0.12,0.13,0.14,0.16,0.27,0.46,0.65,1.14,1.36,2.25,3.27,2.91,259.316,268.422,8.4,61.7,95.9294,140819.0,1396.0,1533.0,16879.5,18364.3,,74.1,
2020-09-01,0.09,0.09,0.11,0.12,0.13,0.13,0.16,0.27,0.46,0.68,1.21,1.42,2.31,3.36,2.9,259.997,268.933,7.8,61.4,95.8914,141770.0,1473.0,1636.0,17159.2,18596.6,,80.4,
2020-10-01,0.09,0.09,0.1,0.11,0.13,0.15,0.19,0.34,0.55,0.79,1.34,1.57,2.35,3.44,2.81,260.319,269.306,6.9,61.7,96.5256,142461.0,1543.0,1613.0,17360.5,18751.3,,81.8,
2020-11-01,0.09,0.09,0.09,0.1,0.12,0.17,0.22,0.39,0.63,0.87,1.4,1.62,2.3,3.3,2.72,260.911,269.981,6.7,61.5,96.9529,142731.0,1543.0,1703.0,17618.5,18979.1,,76.9,
2020-12-01,0.09,0.08,0.09,0.09,0.1,0.14,0.19,0.39,0.66,0.93,1.47,1.67,2.26,3.16,2.67,262.045,270.341,6.7,61.5,98.2039,142548.0,1614.0,1752.0,17827.9,19133.2,,80.7,
2021-01-01,0.09,0.08,0.08,0.09,0.1,0.13,0.2,0.45,0.77,1.08,1.63,1.82,2.45,3.24,2.73,262.639,270.416,6.4,61.4,98.8135,142913.0,1630.0,1855.0,18088.5,19359.7,,79.0,
2021-02-01,0.08,0.04,0.04,0.06,0.07,0.12,0.21,0.54,0.91,1.26,1.88,2.04,2.7,3.42,2.97,263.573,270.776,6.2,61.4,95.5072,143422.0,1404.0,1711.0,18349.1,19596.7,,76.8,
2021-03-01,0.07,0.02,0.03,0.05,0.08,0.15,0.32,0.82,1.27,1.61,2.24,2.34,3.04,3.74,3.17,264.847,271.453,6.1,61.5,98.1929,144246.0,1696.0,1756.0,18607.9,19823.4,,84.9,
2021-04-01,0.07,0.02,0.02,0.04,0.06,0.16,0.35,0.86,1.31,1.64,2.2,2.3,2.9,3.6,2.98,266.625,273.626,6.1,61.6,98.3317,144611.0,1495.0,1721.0,18969.5,20161.7,,88.3,
2021-05-01,0.06,0.01,0.02,0.04,0.05,0.16,0.32,0.82,1.28,1.62,2.22,2.32,2.96,3.62,2.95,268.404,275.457,5.8,61.6,99.1867,145032.0,1589.0,1703.0,19257.8,20430.6,,82.9,
2021-06-01,0.08,0.03,0.04,0.05,0.07,0.2,0.39,0.84,1.23,1.52,2.09,2.16,2.79,3.44,3.02,270.71,277.608,5.9,61.7,99.6483,145828.0,1650.0,1654.0,19318.6,20472.9,,85.5,
2021-07-01,0.1,0.05,0.05,0.05,0.08,0.22,0.4,0.76,1.07,1.32,1.87,1.94,2.57,3.24,2.8,271.965,278.639,5.4,61.8,100.0668,146759.0,1597.0,1658.0,19488.4,20628.2,,81.2,
2021-08-01,0.09,0.04,0.05,0.06,0.07,0.22,0.42,0.77,1.06,1.28,1.83,1.92,2.55,3.24,2.87,272.752,279.021,5.1,61.7,100.0412,147246.0,1594.0,1736.0,19686.7,20811.0,,70.3,
2021-09-01,0.08,0.05,0.04,0.05,0.08,0.24,0.47,0.86,1.16,1.37,1.87,1.94,2.53,3.23,3.01,273.942,279.727,4.7,61.7,98.9955,147712.0,1577.0,1640.0,19867.8,20979.2,,72.8,
2021-10-01,0.08,0.06,0.05,0.06,0.11,0.39,0.67,1.11,1.4,1.58,2.03,2.06,2.68,3.35,3.14,276.528,281.649,4.5,61.8,100.3542,148569.0,1579.0,1707.0,20046.5,21142.3,,71.7,
2021-11-01,0.08,0.07,0.05,0.07,0.18,0.51,0.82,1.2,1.45,1.56,1.97,1.94,2.62,3.28,3.1,278.824,283.411,4.2,61.9,101.2684,149206.0,1705.0,1765.0,20235.0,21316.8,,67.4,
2021-12-01,0.08,0.04,0.06,0.15,0.3,0.68,0.95,1.23,1.4,1.47,1.9,1.85,2.65,3.3,3.11,280.806,285.221,3.9,62.0,101.1948,149781.0,1722.0,1919.0,20398.8,21471.0,,70.6,
2022-01-01,0.08,0.05,0.15,0.33,0.55,0.98,1.25,1.54,1.7,1.76,2.15,2.1,2.93,3.58,3.55,282.542,286.799,4.0,62.2,101.2146,150006.0,1702.0,1920.0,20520.8,21587.3,,67.2,
2022-02-01,0.08,0.04,0.31,0.64,1.0,1.44,1.65,1.81,1.91,1.93,2.31,2.25,3.25,3.97,3.89,284.525,288.256,3.8,62.2,101.8458,150875.0,1735.0,1857.0,20640.9,21685.0,,62.8,
2022-03-01,0.2,0.18,0.45,0.86,1.34,1.91,2.09,2.11,2.15,2.13,2.51,2.41,3.43,4.29,4.67,287.467,289.044,3.7,62.3,102.6732,151346.0,1712.0,1868.0,20684.4,21721.3,,59.4,
2022-04-01,0.33,0.31,0.76,1.26,1.89,2.54,2.72,2.78,2.8,2.75,2.99,2.81,3.76,4.66,5.1,288.582,290.474,3.7,62.2,102.9024,151651.0,1820.0,1859.0,20727.3,21750.0,,65.2,
2022-05-01,0.77,0.58,0.99,1.49,2.06,2.62,2.79,2.87,2.92,2.9,3.26,3.07,4.13,5.12,5.1,291.299,292.039,3.6,62.3,102.9659,151892.0,1531.0,1704.0,20669.5,21690.7,,58.4,
2022-06-01,1.21,1.06,1.54,2.17,2.65,3.0,3.15,3.19,3.21,3.14,3.48,3.25,4.24,5.27,5.7,295.072,294.009,3.6,62.2,102.8224,152353.0,1551.0,1737.0,20593.1,21642.9,,50.0,
2022-07-01,1.68,1.85,2.3,2.87,3.02,3.04,3.03,2.96,2.97,2.9,3.35,3.1,4.06,5.21,5.3,294.94,295.08,3.5,62.1,103.0505,153049.0,1381.0,1703.0,20531.7,21641.7,,51.5,
2022-08-01,2.33,2.28,2.72,3.15,3.28,3.25,3.23,3.03,2.98,2.9,3.35,3.13,4.07,5.15,5.55,295.162,296.582,3.6,62.3,103.1703,153286.0,1531.0,1557.0,20435.2,21606.9,,58.2,
2022-09-01,2.56,2.61,3.22,3.71,3.89,3.86,3.88,3.7,3.64,3.52,3.82,3.56,4.59,5.69,6.7,296.421,298.281,3.5,62.3,103.5326,153513.0,1488.0,1600.0,20281.5,21521.1,,58.6,
2022-10-01,3.08,3.32,3.87,4.31,4.43,4.38,4.38,4.18,4.09,3.98,4.28,4.04,5.1,6.26,7.08,297.979,299.381,3.6,62.2,103.4442,153913.0,1435.0,1594.0,20092.3,21424.5,,59.9,
2022-11-01,3.78,3.87,4.32,4.61,4.73,4.5,4.34,4.06,3.99,3.89,4.22,4.0,4.9,6.07,6.58,298.708,300.316,3.6,62.1,103.1058,154210.0,1424.0,1401.0,19923.0,21358.1,,56.7,
2022-12-01,4.1,3.9,4.36,4.71,4.68,4.29,4.05,3.76,3.72,3.62,3.87,3.66,4.43,5.59,6.42,298.808,301.433,3.5,62.3,101.8266,154336.0,1308.0,1410.0,19671.3,21219.1,,59.8,
2023-01-01,4.33,4.52,4.69,4.8,4.69,4.21,3.91,3.64,3.59,3.53,3.81,3.66,4.4,5.5,6.13,300.456,302.685,3.5,62.4,102.7476,154780.0,1361.0,1410.0,19527.5,21205.3,,64.9,
2023-02-01,4.57,4.64,4.79,4.97,4.93,4.53,4.23,3.94,3.86,3.75,3.95,3.8,4.56,5.59,6.5,301.476,304.097,3.6,62.5,102.8003,155086.0,1399.0,1618.0,19384.6,21184.5,,66.9,
2023-03-01,4.65,4.49,4.86,4.99,4.68,4.3,4.09,3.82,3.77,3.66,3.94,3.77,4.6,5.71,6.32,301.643,305.123,3.5,62.6,102.8143,155171.0,1377.0,1480.0,18925.0,20876.2,,62.0,
2023-04-01,4.83,4.17,5.07,4.99,4.68,4.02,3.76,3.54,3.5,3.46,3.8,3.68,4.47,5.53,6.43,302.858,306.49,3.4,62.6,103.2241,155387.0,1354.0,1474.0,18615.2,20729.8,,63.7,
2023-05-01,5.06,5.49,5.31,5.27,4.91,4.13,3.82,3.59,3.58,3.57,3.96,3.86,4.67,5.77,6.57,303.316,307.623,3.6,62.6,102.9809,155614.0,1584.0,1575.0,18549.2,20801.2,,59.0,
2023-06-01,5.08,5.2,5.42,5.42,5.24,4.64,4.27,3.95,3.85,3.75,4.04,3.87,4.65,5.75,6.71,304.099,308.291,3.6,62.6,102.3809,155871.0,1421.0,1464.0,18435.0,20782.7,,64.2,
2023-07-01,5.12,5.39,5.49,5.53,5.37,4.83,4.47,4.14,4.03,3.9,4.15,3.96,4.66,5.74,6.81,304.615,308.959,3.5,62.6,103.0722,156019.0,1460.0,1522.0,18342.1,20772.1,,71.5,
2023-08-01,5.33,5.54,5.56,5.54,5.37,4.9,4.59,4.31,4.26,4.17,4.46,4.28,4.95,6.02,7.18,306.138,309.646,3.7,62.8,103.0951,156176.0,1317.0,1561.0,18226.1,20746.9,,69.4,
2023-09-01,5.33,5.53,5.56,5.51,5.44,5.02,4.74,4.49,4.46,4.38,4.65,4.47,5.13,6.16,7.31,307.374,310.616,3.8,62.7,103.3081,156334.0,1371.0,1537.0,18124.7,20720.5,,67.8,
2023-10-01,5.33,5.57,5.6,5.57,5.42,5.07,4.89,4.77,4.82,4.8,5.13,4.95,5.61,6.63,7.79,307.653,311.433,3.9,62.7,102.5781,156520.0,1368.0,1528.0,18022.5,20687.4,,63.8,
2023-11-01,5.33,5.53,5.52,5.44,5.28,4.88,4.64,4.49,4.53,4.5,4.84,4.66,5.28,6.29,7.22,308.087,312.373,3.7,62.8,102.8868,156661.0,1514.0,1503.0,17957.4,20696.8,,61.3,
2023-12-01,5.33,5.54,5.44,5.34,4.96,4.46,4.19,4.0,4.04,4.02,4.32,4.14,4.74,5.64,6.61,308.735,313.23,3.8,62.5,102.6309,156930.0,1521.0,1519.0,17915.0,20701.4,,69.7,
2024-01-01,5.33,5.54,5.45,5.21,4.79,4.32,4.11,3.98,4.03,4.06,4.39,4.26,4.87,5.68,6.69,309.794,314.389,3.7,62.5,101.483,157049.0,1381.0,1545.0,17943.3,20773.1,,79.0,
2024-02-01,5.33,5.49,5.44,5.28,4.92,4.54,4.33,4.19,4.21,4.21,4.49,4.38,5.03,5.77,6.94,311.022,315.555,3.9,62.6,102.7267,157271.0,1552.0,1577.0,17983.9,20861.1,,76.9,
2024-03-01,5.33,5.51,5.47,5.36,4.99,4.59,4.38,4.2,4.21,4.21,4.46,4.36,5.01,5.75,6.79,312.107,316.762,3.9,62.7,102.5186,157517.0,1312.0,1476.0,17980.6,20901.1,,79.4,
2024-04-01,5.33,5.48,5.44,5.38,5.14,4.87,4.71,4.56,4.56,4.54,4.77,4.66,5.28,6.0,7.17,313.016,317.596,3.9,62.7,102.3568,157635.0,1385.0,1459.0,17973.8,20932.7,,77.2,
2024-05-01,5.33,5.5,5.46,5.42,5.16,4.86,4.66,4.5,4.49,4.48,4.71,4.62,5.25,5.95,7.03,313.14,318.053,4.0,62.6,102.9797,157828.0,1316.0,1407.0,18003.0,20997.7,,69.1,
2024-06-01,5.33,5.46,5.51,5.37,5.11,4.74,4.5,4.32,4.3,4.31,4.54,4.44,5.13,5.82,6.86,313.131,318.343,4.1,62.6,103.2534,157915.0,1327.0,1461.0,18039.0,21065.6,,68.2,
2024-07-01,5.33,5.48,5.43,5.25,4.9,4.5,4.29,4.16,4.19,4.25,4.56,4.46,5.12,5.84,6.78,313.566,318.933,4.2,62.7,102.5192,158003.0,1265.0,1436.0,18036.8,21098.1,,66.4,
2024-08-01,5.33,5.5,5.3,4.96,4.43,3.97,3.79,3.71,3.77,3.87,4.25,4.15,4.87,5.6,6.35,314.131,319.839,4.2,62.7,103.0196,158074.0,1391.0,1476.0,18091.6,21185.3,,67.9,
2024-09-01,5.13,5.06,4.92,4.55,4.03,3.62,3.51,3.5,3.6,3.72,4.1,4.04,4.68,5.42,6.08,314.851,320.835,4.1,62.7,102.5954,158314.0,1357.0,1434.0,18157.1,21272.2,,70.1,
2024-10-01,4.83,4.92,4.72,4.44,4.2,3.97,3.9,3.91,3.99,4.1,4.44,4.38,4.95,5.63,6.72,315.564,321.688,4.1,62.5,102.2138,158358.0,1352.0,1428.0,18215.2,21323.6,,70.5,
2024-11-01,4.64,4.71,4.62,4.43,4.33,4.26,4.21,4.23,4.29,4.36,4.63,4.54,5.14,5.78,6.81,316.449,322.619,4.2,62.5,101.9503,158619.0,1295.0,1508.0,18328.0,21424.5,,71.8,
2024-12-01,4.48,4.5,4.39,4.32,4.23,4.23,4.22,4.25,4.32,4.39,4.66,4.58,5.2,5.8,6.85,317.603,323.296,4.1,62.5,103.0447,158942.0,1514.0,1480.0,18358.6,21441.8,,74.0,
2025-01-01,4.33,4.42,4.34,4.26,4.18,4.27,4.33,4.43,4.53,4.63,4.92,4.85,5.46,6.08,6.95,319.086,324.739,4.0,62.6,102.8805,159053.0,1358.0,1460.0,18441.1,21510.9,,71.7,
2025-02-01,4.33,4.37,4.33,4.3,4.19,4.21,4.22,4.28,4.37,4.45,4.73,4.68,5.32,5.92,6.76,319.775,325.475,4.1,62.4,103.8705,159155.0,1490.0,1454.0,18501.1,21584.2,,64.7,
2025-03-01,4.33,4.37,4.34,4.27,4.06,3.97,3.96,4.04,4.16,4.28,4.63,4.6,5.29,5.93,6.65,319.615,325.659,4.2,62.5,103.5408,159275.0,1355.0,1481.0,18525.0,21656.9,,57.0,
2025-04-01,4.33,4.35,4.32,4.2,3.95,3.78,3.78,3.91,4.08,4.28,4.74,4.71,5.45,6.18,6.81,320.321,326.43,4.2,62.6,103.6224,159433.0,1398.0,1422.0,18648.5,21805.1,,52.2,
2025-05-01,4.33,4.37,4.36,4.3,4.09,3.92,3.9,4.02,4.22,4.42,4.92,4.9,5.54,6.29,6.89,320.58,326.854,4.2,62.4,103.657,159452.0,1282.0,1394.0,18693.8,21884.6,,52.2,
2025-06-01,4.33,4.24,4.42,4.3,4.06,3.89,3.86,3.96,4.16,4.38,4.9,4.89,5.46,6.15,6.77,321.5,327.6,4.1,62.3,104.2115,159439.0,1382.0,1393.0,18804.0,22022.1,,60.7,
2025-07-01,4.33,4.37,4.41,4.31,4.08,3.88,3.84,3.95,4.15,4.39,4.92,4.92,5.45,6.1,6.72,322.132,328.656,4.2,62.2,103.8194,159518.0,1429.0,1362.0,18861.6,22115.8,,61.7,
2025-08-01,4.33,4.46,4.3,4.11,3.89,3.7,3.67,3.79,4.0,4.26,4.85,4.87,5.35,6.0,6.56,323.364,329.793,4.3,62.3,103.9203,159540.0,1307.0,1330.0,18898.9,22195.4,,58.2,
2025-09-01,4.22,4.24,4.07,3.84,3.66,3.57,3.55,3.66,3.86,4.12,4.71,4.74,5.21,5.83,6.3,324.368,330.542,,,,,,,,,,55.1,
2025-10-01,,,,,,,,,,,,,,,6.19,,,,,,,,,,,,,
