date,Regime-Aware MV,Benchmark (Standard MV)
2019-01-02,0.004596663539090092,0.004019188383248999
2019-01-03,-0.017776063458867286,-0.03267045454545457
2019-01-04,0.03682227615455945,0.042784674943265204
2019-01-07,0.016831205048798148,0.011905523907060234
2019-01-08,0.014997547061355173,0.009045480422544168
2019-01-09,0.008180198840173158,0.00814944834503506
2019-01-10,0.005553471250136908,0.002860340753637615
2019-01-11,0.00043158070503804334,-0.003658234126984182
2019-01-14,-0.009376547051391302,-0.008836890907959362
2019-01-15,0.008436643290530902,0.0195265900671815
2019-01-16,0.006424554768739241,-0.0001847518167261664
2019-01-17,0.008890934780140981,0.007884200800739151
2019-01-18,0.011924198989290981,0.009900385014972814
2019-01-22,-0.014762223747045155,-0.020030257186081753
2019-01-23,-0.0005829742601233715,0.0012967765839200236
2019-01-24,0.00619715127136908,0.006475485661424414
2019-01-25,0.012667120520848686,0.011948529411764717
2019-01-28,-0.004795121430206748,-0.012352406902815579
2019-01-29,-0.0016492936308039553,-0.00944148120900023
2019-01-30,0.0110177064880072,0.025437890697530562
2019-01-31,0.008133131762168901,0.014968614196040553
2019-02-01,0.0013886778480000895,-0.004222169362511958
2019-02-04,0.011109435806395515,0.012421618393550379
2019-02-05,0.0015027026831365721,0.008847991505928072
2019-02-06,-0.0011180766735218756,-0.002981932994211456
2019-02-07,-0.009109248303462119,-0.013429509734928624
2019-02-08,-0.002700116849094717,0.001961600190215849
2019-02-11,-0.0024386191830655427,-0.0009492168960607552
2019-02-12,0.010472894148790757,0.014786223277909679
2019-02-13,-0.0046451064149457145,0.0007022060974897243
2019-02-14,0.0019583843329253896,0.001227998362668845
2019-02-15,-0.001710236989982843,0.004205116224740076
2019-02-19,0.010279001468428858,0.0019774339886007297
2019-02-20,0.0043604651162789665,-0.00017413512885999558
2019-02-21,-0.0021707670043416014,-0.003657474600870849
2019-02-22,0.011360889533478472,0.007400069921920329
2019-02-25,0.013384321223709245,0.003643935450286403
2019-02-26,-0.0030660377358489024,0.0010373443983400146
2019-02-27,-0.007806955287438019,-0.0006332757628093575
2019-02-28,-0.007629947544110613,-0.002304280200472467
2019-03-01,0.001201345506967939,0.006928806513078143
2019-03-04,0.0035997120230382112,0.00017202821262694894
2019-03-05,0.011716881874701091,0.0007453273707145291
2019-03-06,-0.00496336563460176,-0.005671727298768304
2019-03-07,-0.01615201900237528,-0.012272412998386668
2019-03-08,-0.00047847455049836646,-0.0015166540278832566
2019-03-11,0.018044493886139008,0.020798037039200905
2019-03-12,0.0013727847331280166,0.005494191037600955
2019-03-13,0.004565571650273176,0.007513233536342364
2019-03-14,-0.00365522114305548,-0.0016948195017230136
2019-03-15,0.009280742459396585,0.009280742459396576
2019-03-18,0.0005606952621251041,0.000560695262125106
2019-03-19,0.0033622863547213507,0.0033622863547213464
2019-03-20,0.003965372800893473,0.003965372800893466
2019-03-21,0.015631953716065843,0.01563195371606585
2019-03-22,-0.021684695835348183,-0.021964178123459414
2019-03-25,-0.0017853539852830873,-0.0019041218637992885
2019-03-26,0.004945795698436743,0.004657165301312996
2019-03-27,-0.0062992962034707604,-0.0064227869310249375
2019-03-28,0.002458538374679423,0.0033323715475218514
2019-03-29,0.004555768208147723,0.007850590229437885
2019-04-01,0.011679554847426651,0.012784898633658379
2019-04-02,-0.000479837163951918,-0.0006874440077649781
2019-04-03,0.005369530395622146,0.0025896441655112604
2019-04-04,0.003147106197572408,-0.00038089019479814354
2019-04-05,0.005161037552802873,0.005171193729247126
2019-04-08,0.002490536250827435,0.002545218238925616
2019-04-09,-0.0035604578666382737,-0.003511046291794996
2019-04-10,0.005306655470664082,0.005366435385949719
2019-04-11,-0.002308431655515344,-0.0023723513236642018
2019-04-12,0.004323623196238488,0.004323623196238471
2019-04-15,0.00016143787332500184,0.00016143787332500891
2019-04-16,0.003443452060690742,0.003443452060690742
2019-04-17,0.003485254691689016,0.003485254691689027
2019-04-18,0.0012823938017632061,0.0012823938017632048
2019-04-22,0.002828325951224715,0.0028283259512247296
2019-04-23,0.012718177948063148,0.012718177948063177
2019-04-24,-0.0031527507750511714,-0.0031527507750511714
2019-04-25,0.004058826630119544,0.004058826630119579
2019-04-26,0.0008924821503571156,0.0008924821503570912
2019-04-29,0.00194072908471021,0.0019407290847102134
2019-04-30,-0.007747879803161982,-0.007747879803162044
2019-05-01,-0.0032183180331328025,-0.0032183180331327743
2019-05-02,-0.004340231831895335,-0.004340231831895357
2019-05-03,0.015948115464355886,0.015948115464355938
2019-05-06,-0.008204498178470401,-0.006122128617026875
2019-05-07,-0.01940083425897365,-0.01947983573760126
2019-05-08,-0.002536181367722554,-0.002523625429553311
2019-05-09,-0.006564220418724507,-0.005383000484470045
2019-05-10,0.0021866690790963966,0.0012447908210206958
2019-05-13,-0.028183656515171268,-0.034702702702702586
2019-05-14,0.010175463015237097,0.01097547317728731
2019-05-15,0.008955933707930264,0.014124293785310764
2019-05-16,0.007976165461709457,0.01004970233218638
2019-05-17,-0.007780377594741265,-0.009348979158864474
2019-05-20,-0.00534183280326151,-0.014738310665681329
2019-05-21,0.00929318199486716,0.009872354904068955
2019-05-22,-0.005557149777616611,-0.00410788125420141
2019-05-23,-0.013923575985993425,-0.014691612718926508
2019-05-24,0.010057696124483751,0.0020693631327597787
2019-05-28,-0.00812319418267025,-0.008477618048937796
2019-05-29,-0.007942224125209743,-0.007263592420396355
2019-05-30,-0.0011290974071157412,0.0021921604828943953
2019-05-31,-0.012411293562588637,-0.015326746523048527
2019-06-03,0.0036281588608743447,-0.022017821212992117
2019-06-04,0.015795353784600334,0.028156595344462687
2019-06-05,0.002463061054552234,0.007432393802527138
2019-06-06,0.0049465316382873974,0.007945065546790753
2019-06-07,0.011218075122406423,0.019311975677045005
2019-06-10,0.003295842178358342,0.005421970768505508
2019-06-11,0.0009766767869730005,0.0005470887065259732
2019-06-12,-0.004810980761901376,-0.002265271051398287
2019-06-13,0.005488116538177889,0.004853988882799638
2019-06-14,-0.003491706149521811,-0.0009349435138293926
2019-06-17,0.004655572858982207,-0.0005139447410648393
2019-06-18,0.014531403069554706,0.01302370800336055
2019-06-19,0.003755163349605793,0.0009708966298370952
2019-06-20,0.009299342632675957,0.00956940453827531
2019-06-21,-0.0014826581943341356,-0.0028658740600366267
2019-06-24,-0.0021742588959007257,-0.0020776246547225203
2019-06-25,-0.01716624149659864,-0.01655421183109375
2019-06-26,0.004650408262585744,0.004202506962071271
2019-06-27,0.0038215189192099103,0.0037093344650698246
2019-06-28,0.0012868632707774576,0.001493735348368999
2019-07-01,0.013494698511299107,0.004212902012413239
2019-07-02,0.003958629072526137,0.0025845600629284143
2019-07-03,0.007527359276002343,0.007098557871926945
2019-07-05,-0.002034431429976667,-0.0010758272740764067
2019-07-08,-0.007009204037355827,-0.004493630928064673
2019-07-09,0.0049960707470626635,-0.000746101619040424
2019-07-10,0.009162551807865814,0.0030986336145746355
2019-07-11,-0.0002537789298228024,0.008299527336335521
2019-07-12,0.0055690725729633465,0.009117082533589104
2019-07-15,0.0027605551050576766,0.0007681334357512129
2019-07-16,-0.004854233083548106,-0.0006578947368420833
2019-07-17,-0.00525945720460904,-0.004169409699363747
2019-07-18,0.0015987625906622425,-3.6726898780643084e-05
2019-07-19,-0.007007131504044701,-0.003011716311014826
2019-07-22,0.0069613773044468275,0.000736783938110054
2019-07-23,0.00665362704053323,0.006258052641266561
2019-07-24,0.006563059510489395,-0.002707152002926696
2019-07-25,-0.008558941028067873,-0.004475257694141921
2019-07-26,0.009588212973228236,0.0017318250488227518
2019-07-29,-0.0031152798430522776,0.0009931582432134406
2019-07-30,-0.003950773810194292,-0.0008084371440119136
2019-07-31,-0.013457163320649838,-0.012467360523702897
2019-08-01,-0.005454719615315008,-0.010278563980336667
2019-08-02,-0.01379719581827976,-0.0035746538229981554
2019-08-05,-0.0346520141414822,-0.02911521468222489
2019-08-06,0.014001937132585317,0.012407623492804347
2019-08-07,0.0005906879777624139,-0.00019209343424633787
2019-08-08,0.01962009931590081,0.01494774054718733
2019-08-09,-0.006811525100470022,-0.0035967137394466425
2019-08-12,-0.012173376311638513,-0.014362793525343889
2019-08-13,0.015551775610094895,0.02191483590995392
2019-08-14,-0.029547820245883857,-0.029884813418971305
2019-08-15,0.000903383591243821,-0.0011490479317136642
2019-08-16,0.015707896094104255,0.016050397151465168
2019-08-19,0.013093836376010111,0.015904679749838332
2019-08-20,-0.0075639173604812125,-0.0077482354189885045
2019-08-21,0.00882455248812178,0.008878429694603396
2019-08-22,-0.0031565813496404567,-0.003233844033292629
2019-08-23,-0.031561534781720545,-0.03164556962025321
2019-08-26,0.014753788261130591,0.015104080848025387
2019-08-27,-0.003192040445703023,-0.005017367811655741
2019-08-28,0.00986450729017463,0.010046547711403992
2019-08-29,0.015468052087326772,0.013479780329505702
2019-08-30,-0.0007154263047968797,0.00087154225085272
2019-09-03,-0.010982256187195522,-0.010260099193578839
2019-09-04,0.009548197301068283,0.01443576622677091
2019-09-05,0.018318908299261895,0.018318908299261857
2019-09-06,-0.0009907185316508841,-0.0009907185316508902
2019-09-09,-0.002087791638394554,-0.002087791638394553
2019-09-10,-0.002876719493697377,-0.0028767194936973736
2019-09-11,0.00938942509441886,0.008549905026938379
2019-09-12,0.005196834113409744,0.002344957744398052
2019-09-13,0.0008459654933858929,0.0009626987573052447
2019-09-16,-0.0062748734349582155,-0.0052347340273169824
2019-09-17,0.0029882386623590967,0.0014859084004735289
2019-09-18,-0.002720953097847084,0.0015097952570335398
2019-09-19,-0.002638585797941044,-0.0020222818693238515
2019-09-20,-0.003922836905600335,-0.007994989315452167
2019-09-23,0.0012574945663277898,0.00040854224698239154
2019-09-24,-0.01941065136547849,-0.005160380160380126
2019-09-25,0.005653898702504968,0.006008135239019133
2019-09-26,-0.0036826599326600456,-0.002596631797611051
2019-09-27,-0.012408913296018512,-0.003310026777744728
2019-09-30,0.009517189755654038,0.0044404641964253
2019-10-01,-0.008156347651077788,-0.01367114941674718
2019-10-02,-0.017194425161531468,-0.017194425161531475
2019-10-03,0.01097527845694102,0.01097527845694101
2019-10-04,0.014725640887838003,0.014725640887838004
2019-10-07,-0.00301890789682746,-0.0030189078968274594
2019-10-08,-0.014980875478113106,-0.01498087547811311
2019-10-09,0.009761622262970612,0.009761622262970617
2019-10-10,0.007744485392298337,0.007744485392298326
2019-10-11,0.012878948484206012,0.012878948484206012
2019-10-14,-0.0001046517712313167,-0.0001046517712313137
2019-10-15,0.012716521011042033,0.012716521011042037
2019-10-16,-0.0024803637866888067,-0.0024803637866888093
2019-10-17,0.0026419394944055007,0.002641939494405502
2019-10-18,-0.009609919917334063,-0.00960991991733406
2019-10-21,0.008868485575668881,0.008868485575668881
2019-10-22,-0.007963183204922616,-0.007963183204922612
2019-10-23,0.0019285900443055668,0.0009600389175919623
2019-10-24,0.0059875547920977415,0.004028620624341646
2019-10-25,0.00648699761058582,0.005697587592021484
2019-10-28,0.008995974746810666,0.008537249121917093
2019-10-29,-0.006845442561443333,-0.006370487448494964
2019-10-30,0.004393589118965964,0.002968191013555205
2019-10-31,-0.00503533579272816,-0.0035030749559649904
2019-11-01,0.01334809256332436,0.011316416009246962
2019-11-04,0.006920146642620705,0.005013462070679086
2019-11-05,0.0034379010758871335,0.0007452344941473248
2019-11-06,-0.0018356013503925883,-0.002648157609858272
2019-11-07,0.005651236682015295,0.0036147066278564475
2019-11-08,-0.004814136085088934,-0.0015604927661089047
2019-11-11,-0.004212123536869674,-0.002832252446761741
2019-11-12,-0.004110297132576918,-0.0029388923457622433
2019-11-13,-0.004200304706825284,-0.00034024730593485623
2019-11-14,-0.0006218917568799472,-0.000716296097163766
2019-11-15,0.006979295783110337,0.007281971640716334
2019-11-18,0.00023436388123729702,0.0006860228576003658
2019-11-19,0.0025965844175128193,0.0016667265796895662
2019-11-20,-0.004794314181412768,-0.005998918227860586
2019-11-21,-0.00022568890871582864,-0.0022260697501855784
2019-11-22,-0.000845193042289868,0.0006445215666832665
2019-11-25,0.010172719541134516,0.011841648912451097
2019-11-26,-0.001549014697691622,0.0019097052198611124
2019-11-27,0.0046929173505094925,0.006988905723082753
2019-11-29,-0.008730516402339156,-0.0045622209279750905
2019-12-02,-0.004371236267800436,-0.010238907849829284
2019-12-03,-0.005699102225512858,-0.007832512315270932
2019-12-04,0.00718696285791134,0.005064296708207295
2019-12-05,0.0037986310406207062,0.001975991700834845
2019-12-06,0.006668224912322005,0.0106986146033623
2019-12-09,-0.00408148584956157,-0.0045365853658536626
2019-12-10,0.0008781961776476125,-0.000833047483706495
2019-12-11,0.009993411101004058,0.00529671407552712
2019-12-12,0.011081042915201676,0.007464142843204292
2019-12-13,0.0005551783895679122,0.0032928187496974446
2019-12-16,0.009071605177138545,0.010039094550895467
2019-12-17,0.004832068297899649,0.0005734218951591873
2019-12-18,0.0036302330372014703,0.0007641243612399594
2019-12-19,0.002800940697695064,0.006251491290861335
2019-12-20,0.0021282550566878392,0.004031110689556971
2019-12-23,-0.006322815121101905,0.00047234424448539024
2019-12-24,-0.0003399108990474573,0.0005193333648079171
2019-12-26,0.008553138028378673,0.008824084560211441
2019-12-27,0.0004778595665822474,-0.0007878471780631412
2019-12-30,-0.005854312041939572,-0.006203810816261938
2019-12-31,0.0023231612017228396,0.002175502849240389
2020-01-02,0.021958085933489874,0.014535457286816834
2020-01-03,-0.015531542584737887,-0.008292593604662314
2020-01-06,0.00037966055776535667,0.004886820808824596
2020-01-07,-0.00034227707152640436,-0.0010819235609731833
2020-01-08,0.005521360421040379,0.006123799265018431
2020-01-09,0.006278353515917391,0.0074265543266527415
2020-01-10,0.0023246579928264365,-0.002565045616018889
2020-01-13,0.01295684436896764,0.009700827788715592
2020-01-14,-0.004310924215246632,-0.0024887082380006175
2020-01-15,-0.0035408965876571855,0.001045615847349768
2020-01-16,0.0069510878945572094,0.009350458523489808
2020-01-17,0.00576794331588432,0.003948651455282545
2020-01-21,-0.014641782704622484,-0.0011360025035150522
2020-01-22,0.004485935921898312,0.0014942042612193184
2020-01-23,-0.0034965965614746058,0.002275217415319759
2020-01-24,-0.007983414409454749,-0.008632309954918795
2020-01-27,-0.027694646169010337,-0.01855494209924039
2020-01-28,0.011616509992188299,0.015359926639156418
2020-01-29,0.0007023563015005452,0.001625649130729374
2020-01-30,0.0026769789180163877,0.0035616067805779284
2020-01-31,-0.01670265351438886,-0.015858041329739454
2020-02-03,0.011256152703454064,0.015109325786278424
2020-02-04,0.019705063752470706,0.02288874898821837
2020-02-05,0.004870100236374306,0.0032971380841429017
2020-02-06,0.007330121930926364,0.008632021733415034
2020-02-07,-0.005651209038636878,-0.004300794995438568
2020-02-10,0.009662657081163093,0.012085514834206054
2020-02-11,0.0018106335182554345,0.0001724360908737005
2020-02-12,0.008745703890142967,0.009740959441403513
2020-02-13,-0.0012162491876776943,-0.0012805736970162849
2020-02-14,0.0024837524781909305,0.0028636149933751695
2020-02-18,-0.0005071201924055471,0.0003835663143538724
2020-02-19,0.008143136834535446,0.00958548119115577
2020-02-20,-0.0072353569800406034,-0.009283483838298575
2020-02-21,-0.01567167531147732,-0.019209472697844777
2020-02-24,-0.03640868472896401,-0.03856342554392678
2020-02-25,-0.028437541455093217,-0.0271918334161434
2020-02-26,0.0016232893182211799,0.005153921158935761
2020-02-27,-0.03053248656570597,-0.05007390983000736
2020-02-28,-0.0055429579239102455,0.0007780587434351697
2020-03-02,0.013174562959209721,0.05160349854227396
2020-03-03,-0.008002000500125011,-0.03206727659181217
2020-03-04,0.027476682631711435,0.041722360129845336
2020-03-05,-0.026251226692836083,-0.03038218311795437
2020-03-06,-0.014613252708490787,-0.016872252942010446
2020-03-09,-0.08130912810023017,-0.06946447456975303
2020-03-10,0.03729473977177866,0.054450586351190815
2020-03-11,-0.052052589213845035,-0.0435549458625252
2020-03-12,-0.10053619302949059,-0.09169142505890791
2020-03-13,0.07004470938897178,0.08470561696368151
2020-03-16,-0.12089136490250696,-0.11978787563689294
2020-03-17,0.06273764258555124,0.07584170112226805
2020-03-18,-0.08139534883720934,-0.030416163390798286
2020-03-19,0.011190233977619543,0.0060022650056625795
2020-03-20,-0.041750503018108544,-0.03917595406957109
2020-03-23,-0.03385826771653543,-0.0014059753954304452
2020-03-24,0.1102961151860906,0.077437521999296
2020-03-25,0.02618057254710049,-0.00740498747685934
2020-03-26,0.056509298998569595,0.05266044980800877
2020-03-27,-0.02866170164748372,-0.034392912975508054
2020-03-30,0.022072490706319666,0.036373448461953534
2020-03-31,-0.018640600136394646,-0.008539887523432594
2020-04-01,-0.04910817697475111,-0.04248949579831946
2020-04-02,0.029357231149567575,0.020295101749766797
2020-04-03,-0.019213449414590245,-0.014192785334121716
2020-04-06,0.04928068564432199,0.07149479195070073
2020-04-07,0.005834305717619556,-0.0004071661237784489
2020-04-08,0.011600928074246182,0.021232179226069275
2020-04-09,0.01081252981396097,0.0014458792441543035
2020-04-13,-0.0038540191914424593,0.010803544757542508
2020-04-14,0.032214765100671006,0.04349110968822355
2020-04-15,-0.01797598102960296,-0.011469838572642397
2020-04-16,0.006231500233681242,0.018239984720431562
2020-04-17,0.021597770552717055,0.009566236811254406
2020-04-20,-0.01606425702811254,-0.011844488829021248
2020-04-21,-0.030727762803234415,-0.036899501739212276
2020-04-22,0.02280311457174622,0.029674459466054928
2020-04-23,0.00038840985007393414,-0.002133004692610225
2020-04-24,0.013938655582628856,0.01577047311419344
2020-04-27,0.014418489592536332,0.008043396932285795
2020-04-28,-0.004598502003135274,-0.01883466320282048
2020-04-29,0.026178560179189958,0.03546099290780137
2020-04-30,-0.009310732921796516,-0.0004109589041095867
2020-05-01,-0.0244223336896639,-0.028185098899090932
2020-05-04,0.0005900202292650422,0.011657422205509022
2020-05-05,0.00581248420520609,0.011337236316327546
2020-05-06,-0.00812395309882738,0.006156390701093521
2020-05-07,0.0086549016296547,0.012876712328767196
2020-05-08,0.01971453685488728,0.013704805698314004
2020-05-11,-0.0043510385025820175,0.008938895312639025
2020-05-12,-0.018469656992084183,-0.020937100542160688
2020-05-13,-0.022093413978490666,-0.012515757248334205
2020-05-14,0.016879993127734874,0.011352238533783202
2020-05-15,0.005538274789469666,0.006491457422350467
2020-05-18,0.02467179719330015,0.018632149415505974
2020-05-19,-0.009351299609749009,-0.0025062656641603566
2020-05-20,0.01687230563401232,0.019968262364453707
2020-05-21,-0.007017030918792577,-0.010890704006223148
2020-05-22,0.000409781452754786,0.0034517411631056344
2020-05-26,0.02248933134924821,-0.0026996429504484746
2020-05-27,0.02153265961156029,0.005457561997904302
2020-05-28,-0.005445082931002265,-0.0013027052846410687
2020-05-29,0.000995648376936313,0.014652810991782245
2020-06-01,0.005215208814752889,0.002999657182036338
2020-06-02,0.010106099514710467,0.006707681790993688
2020-06-03,0.021081745926392073,0.004498578279505999
2020-06-04,-0.00012634516575379083,-0.007013393045755969
2020-06-05,0.030355684081442662,0.01982725609496664
2020-06-08,0.008168588922405703,0.007760023363511342
2020-06-09,0.00622545250340495,0.007244876837093834
2020-06-10,0.010982087288459837,0.012001644060830135
2020-06-11,-0.04998981531020141,-0.04954918365689221
2020-06-12,0.008297535176854541,0.007948038629177099
2020-06-15,0.006270935576848213,0.012167203662879478
2020-06-16,0.02117282755951222,0.01717277486910995
2020-06-17,-0.007580926389204712,0.0031706814906320084
2020-06-18,-0.001413184630662312,0.0027091371808554005
2020-06-19,-0.01013578122011849,-0.0001637465203864521
2020-06-22,0.0067715787033168625,0.01023583360628887
2020-06-23,0.002508810091965864,0.008510983221204449
2020-06-24,-0.027125040361895513,-0.020615656646841316
2020-06-25,0.011953857489505419,0.009519510894095327
2020-06-26,-0.02256107994337881,-0.02361500630004477
2020-06-29,0.015366884364195215,0.010906668886853767
2020-06-30,0.013999243284146914,0.019601383627079413
2020-07-01,0.0009328358208955393,0.01167205169628449
2020-07-02,0.006150978564771536,0.006786698071779229
2020-07-06,0.010559466469062707,0.024584638566160315
2020-07-07,-0.015479145845607844,-0.006888811486512581
2020-07-08,0.01726528156439473,0.013171739215151333
2020-07-09,-0.0058148501082639125,0.008423400900034485
2020-07-10,0.002666370496789381,0.0068273705088109085
2020-07-13,-0.002215066391187371,-0.02057051937720202
2020-07-14,0.01684014578473971,0.007078208401021034
2020-07-15,0.010791148299788597,0.0020355647732073273
2020-07-16,-0.006164051988420574,-0.006822537370639976
2020-07-17,0.0005857531103533683,0.001157764742204525
2020-07-20,0.002439876738659997,0.028370981420090778
2020-07-21,0.00742287172349811,-0.01042057125721561
2020-07-22,-0.003453833755468447,0.003522727272727396
2020-07-23,-0.006700554528650593,-0.02612010719812783
2020-07-24,-0.002558734589439358,-0.009495755978450418
2020-07-27,0.013992537313432618,0.017843167944905366
2020-07-28,-0.01080956761729525,-0.012724896201753086
2020-07-29,0.01767030923041156,0.011526030917799144
2020-07-30,-0.01165181631254296,0.005235400546637482
2020-07-31,-0.005779010633379581,0.01784551755830426
2020-08-03,0.007672634271099768,0.013506903946724836
2020-08-04,0.009028737700801467,0.003712228079293194
2020-08-05,0.00794348888338408,0.002477993934462676
2020-08-06,0.004882515084296807,0.01324478878435687
2020-08-07,-0.0176785245576366,-0.011542382755606977
2020-08-10,-0.0014471799088634657,-0.004273032010903673
2020-08-11,-0.009135875511663588,-0.018941215641300687
2020-08-12,0.016813676494901418,0.025151777970511702
2020-08-13,-0.0016833887718058884,0.0022805855955270174
2020-08-14,0.00046216721603704316,-0.0011743981209629828
2020-08-17,0.011062651339430294,0.011610817166372685
2020-08-18,0.006530338374559243,0.0096251634461719
2020-08-19,-0.009184894476942854,-0.006727344677483142
2020-08-20,0.005351396540439402,0.013871785584932825
2020-08-21,0.006664950901017076,0.006930304004572492
2020-08-24,0.008158089504943953,0.006244013197573399
2020-08-25,0.0087203327038613,0.007862355886189885
2020-08-26,0.008525806804296925,0.02133911705030433
2020-08-27,-0.004782972810957386,-0.003116865324016892
2020-08-28,0.00944812807613825,0.005085036935234433
2020-08-31,-0.01008084388751017,0.008033364099408575
2020-09-01,0.017091698317959883,0.017091698317959866
2020-09-02,0.009469191784475809,0.00946919178447581
2020-09-03,-0.050700224600343374,-0.050700224600343395
2020-09-04,-0.013325910719877645,-0.013325910719877649
2020-09-08,-0.048064038366598415,-0.04806403836659845
2020-09-09,0.013218188227000383,0.029375810335247252
2020-09-10,-0.013045747086449788,-0.019936663307902763
2020-09-11,0.001233697567853298,-0.006939854593522743
2020-09-14,0.01918676289385668,0.017415418746533632
2020-09-15,0.003454231433505983,0.01417357174007839
2020-09-16,0.0037865748709123657,-0.01594639145703423
2020-09-17,-0.005829903978052137,-0.01562215505626162
2020-09-18,-0.010003449465332699,-0.012762651672092335
2020-09-21,-0.017770034843205655,0.002398171394311731
2020-09-22,0.008336289464348943,0.018578744719823573
2020-09-23,-0.017632880675416303,-0.030534351145038104
2020-09-24,-0.002100090134592276,0.004656268927922366
2020-09-25,0.003149344275149583,0.023248803647462287
2020-09-28,0.011940291897766162,0.020768890852850053
2020-09-29,-0.0014413542665475275,-0.004509379509379464
2020-09-30,0.012847271573626366,0.006849066859938357
2020-10-01,0.008268762170299348,0.015872444572415875
2020-10-02,-0.00943972535617403,-0.028131089459698874
2020-10-05,0.013447458334734005,0.021326236739455554
2020-10-06,0.0005945231331580393,-0.017846944603083954
2020-10-07,0.009354323522701397,0.017299026021224025
2020-10-08,0.007459312839059653,0.00532294941411828
2020-10-09,0.006955351133049125,0.015280196155076094
2020-10-12,0.009803921568627416,0.030870463056945734
2020-10-13,-0.00441306266548991,-3.395239873693824e-05
2020-10-14,-0.004432624113475118,-0.008352573679206719
2020-10-15,-0.008014247551202166,-0.006710949804834555
2020-10-16,0.004039497307001702,-0.005480868665977408
2020-10-19,-0.003129190880643791,-0.016325257356764038
2020-10-20,0.010089686098654568,0.002149400986610317
2020-10-21,0.001997780244173296,-0.0007735311697901759
2020-10-22,0.0002215330084183193,-3.5187726521002105e-05
2020-10-23,0.0046511627906977715,0.0019705820254767303
2020-10-26,-0.013007054673721208,-0.014996136826578521
2020-10-27,0.0035738217556398042,0.0078083217456412736
2020-10-28,-0.024927665257066477,-0.03898676855586224
2020-10-29,0.01049988587080586,0.017486379031070635
2020-10-30,-0.010390783826519147,-0.02536271210969997
2020-11-02,0.01278246975576347,0.0022273368475760414
2020-11-03,0.0027045300878973996,0.017297577598340396
2020-11-04,0.032142054394245896,0.04463863098489005
2020-11-05,0.01698606271777004,0.026070893311491258
2020-11-06,0.0036402569593145776,0.0007473079927986508
2020-11-09,0.007467463196074286,-0.0204337938291301
2020-11-10,-0.011224057602710714,-0.01791468865865054
2020-11-11,0.004283572499464548,0.022369628113753304
2020-11-12,-0.007464278097675475,-0.0046935394809497506
2020-11-13,0.01267726686721105,0.008772538141470278
2020-11-16,0.011669849352853761,0.007802564190698693
2020-11-17,-0.0014681208053691803,-0.0031718963165074943
2020-11-18,-0.004789401376286733,-0.007390426660279784
2020-11-19,0.004401641986828981,0.007824618248250642
2020-11-20,0.002048469726748434,-0.006840413160954958
2020-11-23,-0.0001232373026196064,3.443763344580213e-05
2020-11-24,0.013605289707655104,0.014050070594717532
2020-11-25,0.003479009451436872,0.006146636329676933
2020-11-27,0.009239180247095793,0.009214256784123133
2020-11-30,-0.00456401061980309,0.002040065549647301
2020-12-01,0.014758640667268876,0.01281623389626851
2020-12-02,0.0008706329403667357,0.0012851776181377363
2020-12-03,0.0022042840697783193,0.0014151719598485284
2020-12-04,0.0043245735810078,0.004075193900354949
2020-12-07,0.0051299614818793035,0.00566247708824295
2020-12-08,0.003333648352728264,0.0033848657445076946
2020-12-09,-0.021619901301893285,-0.022641019819001684
2020-12-10,0.004422825020363581,0.004015797683448953
2020-12-11,-0.0027982931361368816,-0.0022147296046540763
2020-12-14,0.0003530696111196035,0.007255259234719255
2020-12-15,0.011481727481626689,0.010689382975924259
2020-12-16,0.003986675659139587,0.005499690845780947
2020-12-17,0.006587905849650871,0.006537639976697431
2020-12-18,-0.0030213898589617483,-0.0030225080385851695
2020-12-21,-0.004204792929809608,-0.003676707733986872
2020-12-22,0.0023862750393660406,0.0027191505891492893
2020-12-23,-0.004534560405215849,-0.005036157024793429
2020-12-24,0.0037634389696398034,0.0044127190136276076
2020-12-28,0.009567367943197137,0.010078821553172189
2020-12-29,0.0015220189969920254,0.0008954842010999696
2020-12-30,0.000917899437088849,3.195296523528436e-05
2020-12-31,0.0021342256832235134,0.0024602997092373355
2021-01-04,-0.011762644682500354,-0.01411997195129733
2021-01-05,0.010165053293793325,0.008244156348000468
2021-01-06,-0.013289357685414725,-0.013852369653049342
2021-01-07,0.022062413483110836,0.024191975027638694
2021-01-08,0.013804117714513342,0.012857959235506915
2021-01-11,-0.013530538808944236,-0.014450051719273925
2021-01-12,0.0025176349550614873,-0.001590229629158421
2021-01-13,0.0055976987491010086,0.006753312945973576
2021-01-14,-0.00034359291110084384,-0.005347424376661104
2021-01-15,-0.009103803070052372,-0.008095969734835902
2021-01-19,0.01503669464856202,0.014788763593579307
2021-01-20,0.02251156201197614,0.022685544359425398
2021-01-21,0.007005273176650167,0.007546350287925885
2021-01-22,-0.003422316461677057,-0.0022827125929141654
2021-01-25,0.007855105314764492,0.00814488730908786
2021-01-26,0.0003441946337165748,0.0017042405324204266
2021-01-27,-0.027520991171108972,-0.02595594672052053
2021-01-28,0.0057495618146756215,0.004153709052388697
2021-01-29,-0.021089941298509902,-0.019398293702725035
2021-02-01,0.025039246017157294,0.02449938580632814
2021-02-02,0.012083250305635859,0.013739818256698299
2021-02-03,0.005840992158239784,-0.001102914237679089
2021-02-04,0.0064578641445500375,0.013332065209807125
2021-02-05,0.010328441846729935,0.00614858878724407
2021-02-08,0.013744624962825832,0.017100589593081222
2021-02-09,0.006197510573885729,0.002703446498905946
2021-02-10,0.0002440210569228361,-0.005875610746506343
2021-02-11,0.008313698132321457,0.0024937513104985013
2021-02-12,0.0034202014675332373,0.0059326345121103975
2021-02-16,0.00045390493790071324,-0.0011854654571104087
2021-02-17,-0.0013872541437972997,-0.00580576242895731
2021-02-18,-0.00839245926365295,-0.013950636188581715
2021-02-19,0.00019806640381534726,0.009153937468376496
2021-02-22,-0.027069022487283833,-0.01922912765261608
2021-02-23,0.001095464932066664,-0.016535732659678865
2021-02-24,0.02137645302729495,0.021792086138615295
2021-02-25,-0.033610895093602405,-0.03442118000820572
2021-02-26,-0.0036041385212438083,-0.0034433578767847682
2021-03-01,0.039704113709971275,0.0410257423120193
2021-03-02,-0.014137000763303558,-0.014729690630220258
2021-03-03,-0.00749642397994394,-0.018383882251798073
2021-03-04,-0.029640745982559995,-0.030770924617453926
2021-03-05,0.012179730067776492,0.015701672952849972
2021-03-08,-0.005155511657913527,-0.0011604002091211655
2021-03-09,0.02941690142274367,0.03916307628263166
2021-03-10,0.0057257810053352644,0.013358194045994604
2021-03-11,0.012156748524287834,0.0231470052094345
2021-03-12,-0.00011856444512386402,0.0020264608144153337
2021-03-15,0.005649589454600187,0.0029952917267536375
2021-03-16,-0.0010782643234042266,-0.013027085952758392
2021-03-17,0.0036736734502741094,0.009520249751816921
2021-03-18,-0.01811942144803385,-0.029417503754153383
2021-03-19,-0.001235683168974637,0.011116107165576298
2021-03-22,0.011309299523531758,-0.004303529645321489
2021-03-23,-0.004554774327245149,-0.030541717236636397
2021-03-24,-0.011091793481673985,-0.03067450317173699
2021-03-25,0.001895583042484885,0.016487152968401468
2021-03-26,0.01555181344719421,0.011236629291851324
2021-03-29,-0.00039386800675448794,-0.020082891483710986
2021-03-30,-0.0038547817729122796,0.008627814819838245
2021-03-31,0.014726883884570259,0.018525147291772105
2021-04-01,0.01672983880819714,0.01546141821544059
2021-04-05,0.01968222541567309,0.011728994643831352
2021-04-06,-0.0006895407397760193,-0.0014963076310604915
2021-04-07,0.0023550486113252125,-0.013079560768870228
2021-04-08,0.010433628852300815,0.010817540112662572
2021-04-09,0.006058254745135555,0.0004956699014717314
2021-04-12,-0.0013052119486220883,-0.007776542280146611
2021-04-13,0.011673151750972643,0.0032836132235168035
2021-04-14,-0.012008220786846742,-0.002328538303830579
2021-04-15,0.015155567442275182,0.0060452904663117505
2021-04-16,0.001170925909663066,-0.0004422090604694059
2021-04-19,-0.009151779187742994,-0.013301866992979387
2021-04-20,-0.007288715769593894,-0.016494453006432905
2021-04-21,0.008560982134894875,0.019010215829050967
2021-04-22,-0.012054584573668595,-0.005987451739879507
2021-04-23,0.012589498806682583,0.016324141291886345
2021-04-26,0.006511107182841194,0.010607403752242823
2021-04-27,-0.0043321722331177625,-0.0008145586636666565
2021-04-28,-0.0033808613846831805,0.0015143088771999332
2021-04-29,0.0017244266425708258,-0.001959444022552656
2021-04-30,-0.009162554675002037,-0.009976886381718227
2021-05-03,-0.003748668109461352,0.0008423598103270458
2021-05-04,-0.016165918731907803,-0.017530284839998085
2021-05-05,-0.0010553668595119675,-0.001435118046025216
2021-05-06,0.007537306628574883,0.0007046167858508362
2021-05-07,0.008114385689722782,0.012530868594339219
2021-05-10,-0.02525433871932969,-0.020300843829240207
2021-05-11,-0.001381385068762289,-0.0037752107196378473
2021-05-12,-0.025883003903968582,-0.025757699541069108
2021-05-13,0.01224035308398395,0.008758150499629778
2021-05-14,0.0186224939825813,0.02103918108046383
2021-05-17,-0.0024878173393886945,-0.0004488093854198444
2021-05-18,-0.006711537179040559,-0.0005764518782296632
2021-05-19,-0.004977269572308977,-0.0062771380600782035
2021-05-20,0.01817385899178936,0.010463005142999903
2021-05-21,-0.005069647281860957,-0.00020026051159678952
2021-05-24,0.015713227779675036,0.007255533327207311
2021-05-25,0.0010641390767669665,-0.0023642204420262526
2021-05-26,0.003974004981847242,0.010356574867375965
2021-05-27,-0.00374105886930231,0.006580134448959572
2021-05-28,0.00315428983417454,0.000502359206400596
2021-06-01,-0.003324049950588413,0.008086312988632492
2021-06-02,0.0019530076317531002,0.0016808742648024603
2021-06-03,-0.010405733649203936,-0.007059753892709733
2021-06-04,0.01459958167379234,0.006605033517823293
2021-06-07,0.000918948870128281,0.007263052495323283
2021-06-08,-0.0008977946326639094,0.0038617867219180794
2021-06-09,-4.6722325033751315e-05,-0.003633400606721311
2021-06-10,0.009410561968411432,-0.005070216680139858
2021-06-11,0.0004673399170675395,0.0029477216224459936
2021-06-14,0.007882525939772577,0.0016696841137981424
2021-06-15,-0.006595304366191126,-0.005099112921763698
2021-06-16,-0.006675729979012062,-0.005086150739489436
2021-06-17,0.01060004606000332,-0.0025642882984714837
2021-06-18,-0.008107242511364843,-0.016367657604606366
2021-06-21,0.003441382522870792,0.012051905967874178
2021-06-22,0.004423837155965095,0.0036867692121806627
2021-06-23,0.0022797814576886828,0.004818438885319057
2021-06-24,0.006614375885465571,0.012768877671032368
2021-06-25,0.0004712002940438773,-0.000275176222070896
2021-06-28,0.010371587856010419,-0.0035985176504121567
2021-06-29,0.002828779269721562,-0.0049966740260707215
2021-06-30,-0.002417860236423991,4.488369727320468e-05
2021-07-01,-0.0006387860470089648,0.005222366310987409
2021-07-02,0.009504488302440607,-0.0026239377630159332
2021-07-06,0.0008619673634378262,-0.010496172806495159
2021-07-07,0.0019324149177264484,-0.004475479978557408
2021-07-08,-0.008017252332128973,-0.00885181533908882
2021-07-09,0.008050688931207297,0.015659512879004932
2021-07-12,0.0038537098828237445,0.001944452295777077
2021-07-13,-0.00023592606146023872,-0.011448680286633931
2021-07-14,0.0016552964133584283,-0.005389772402995025
2021-07-15,-0.006967226161154884,-0.004368467715167983
2021-07-16,-0.008072895038143728,-0.008538174838507547
2021-07-19,-0.0099017000861053,-0.01604867580898451
2021-07-20,0.014477107234967639,0.019559760709543916
2021-07-21,0.00845825423324778,0.011398262489417025
2021-07-22,0.004091071992506203,-0.0037138657168235014
2021-07-23,0.011276249023129776,0.008051954070413703
2021-07-26,0.00073360680482829,0.0012659597693178476
2021-07-27,-0.010275614123023361,-0.005963955570343947
2021-07-28,0.003835685990651143,0.004775464300526362
2021-07-29,0.0023860142509896784,0.005905606389288626
2021-07-30,-0.005163374720197167,-0.006423983786814189
2021-08-02,7.610564198561613e-05,-0.0005710895292235319
2021-08-03,0.006058290429190158,0.005617981647614215
2021-08-04,0.0013636065742002239,-0.007584370780253901
2021-08-05,0.00636188591496973,0.010181534843612058
2021-08-06,-0.004329596290708296,0.002204556074748498
2021-08-09,0.0018475750577366926,-0.0013188508294887497
2021-08-10,-0.005125701732975431,0.0018439782277125184
2021-08-11,-0.0017173699705593723,0.003217020663295801
2021-08-12,0.003604489227492456,0.0021652690829401296
2021-08-13,0.003509917557750428,-0.0027698980015006067
2021-08-16,0.0005954673623882092,-0.0020175614999151416
2021-08-17,-0.008618145406496722,-0.008730871927146612
2021-08-18,-0.009736130066542083,-0.009275507167753496
2021-08-19,0.00455443649532135,-0.004135782620579059
2021-08-20,0.0101562841114466,0.009278759064271672
2021-08-23,0.013055184251700035,0.010477225914200581
2021-08-24,0.004004710754737625,0.0064250142126576
2021-08-25,0.002602669559152185,0.00564633452254336
2021-08-26,-0.00649520672342889,-0.006937031925824192
2021-08-27,0.010300775192771807,0.012832704009587428
2021-08-30,0.011132776168224334,9.541762120840322e-05
2021-08-31,-0.0008239053046825735,-0.0013920907934248405
2021-09-01,0.001643456993583248,0.0025560860787544023
2021-09-02,-0.00042683853076156764,0.005332099850793243
2021-09-03,0.003032437980475138,-0.002124839255700958
2021-09-07,0.0014152055979244045,-0.00941299196313899
2021-09-08,-0.0034806731046035395,-0.0028562004434510425
2021-09-09,-0.0034403067387991358,-0.0009872139544226108
2021-09-10,-0.007589532769389005,-0.007475379844052948
2021-09-13,-0.0006904060118431102,0.0012718054668880586
2021-09-14,-0.006785162205394973,-0.008499622574407515
2021-09-15,0.004913782694070947,0.007176975316033708
2021-09-16,-0.004852735554779077,0.002050918267287606
2021-09-17,-0.009379752463341997,-0.0038193305479900775
2021-09-20,-0.024458094640404604,-0.020336526321111312
2021-09-21,-0.0008643372812683412,-0.0002996946758738933
2021-09-22,0.010441862261266525,0.012536415824897645
2021-09-23,0.012329477380206986,0.01407336091283733
2021-09-24,-0.0005631079728102435,-0.003819224685198961
2021-09-27,-0.002019388157375611,0.001212669396665992
2021-09-28,-0.02014722277170056,-0.020964376057941308
2021-09-29,0.0011658005478418613,-0.0006992553787566026
2021-09-30,-0.011505420040792387,-0.01035008104253439
2021-10-01,0.012418192399796739,0.011745705980398091
2021-10-04,-0.012460141342668733,-0.011584068606100721
2021-10-05,0.008932255870467984,0.008296503347381287
2021-10-06,0.002955077451613505,0.002236088543188396
2021-10-07,0.009266558598733182,0.010032223027482084
2021-10-08,-0.0026634223030518028,-0.003412232089236018
2021-10-11,-0.006409385914143221,-0.0059759754692535125
2021-10-12,-0.0019493182470449717,0.002689117955042639
2021-10-13,0.007827439130613179,0.004265904398252791
2021-10-14,0.017158046929243626,0.014732840192028088
2021-10-15,0.005959462630949291,0.002380141124228478
2021-10-18,0.006857986006164476,0.002269483233573059
2021-10-19,0.007611147301160653,0.006245012663958995
2021-10-20,0.0002471812248598994,0.004685034210025801
2021-10-21,0.005065333733311968,0.0029112118232345057
2021-10-22,-0.00621470960677757,-0.0014534053846871123
2021-10-25,0.008782477383108295,0.0036797420729680684
2021-10-26,0.0003920572160668889,-0.002074721637155074
2021-10-27,0.00021539198987098889,-0.01100223863900724
2021-10-28,0.00778202829319574,0.011376449416444015
2021-10-29,0.00017258331384318237,0.0020141792943454227
2021-11-01,0.005095759334323617,0.006604424840465209
2021-11-02,0.004137637395437716,0.0025173741666837473
2021-11-03,0.009188217719373133,0.00952760699886956
2021-11-04,0.010261104825244652,0.003620795303120401
2021-11-05,0.0017434865642148006,0.005040601113121565
2021-11-08,-0.0006606015626955747,0.00040185017172536156
2021-11-09,-0.005422767313701587,-0.0049728041290323065
2021-11-10,-0.011975628522735468,-0.009468507882921551
2021-11-11,0.0017667904483674862,0.00188868967603414
2021-11-12,0.009302125461209518,0.006056954853519845
2021-11-15,5.523535408350299e-06,-0.001113095270627978
2021-11-16,0.006185497979935626,0.003079161736842028
2021-11-17,-0.0003443437345994977,-0.004295509553186071
2021-11-18,0.00831044171435313,0.001899381501658039
2021-11-19,0.0034177633448971537,-0.00248901089923438
2021-11-22,-0.009045639955477714,-0.004012307305761331
2021-11-23,0.0011103482845507022,0.00012748423055967072
2021-11-24,0.00283407506848283,0.0023275289762611476
2021-11-26,-0.022439215705904254,-0.024091915853337142
2021-11-29,0.011607129000687982,0.009698610271790234
2021-11-30,-0.020085597315904143,-0.015413537320181367
2021-12-01,-0.010091593260680176,-0.012325723046738154
2021-12-02,0.013053852499214808,0.011612142937584924
2021-12-03,-0.008181093910439254,-0.01039034084136758
2021-12-06,0.011128519222767645,0.011353306811001858
2021-12-07,0.020610161660533716,0.02022249457905169
2021-12-08,0.00348495927889324,0.0032343020838145873
2021-12-09,-0.007276797956838928,-0.005895085893243723
2021-12-10,0.009015353148594182,0.011489460273337962
2021-12-13,-0.011808921648846263,-0.012733018824714885
2021-12-14,-0.00701457721534373,-0.006904842562502074
2021-12-15,0.014826341820335622,0.016820583418010418
2021-12-16,-0.0071136793787834095,-0.010571313706875703
2021-12-17,-0.013058777169939638,-0.011812044929961855
2021-12-20,-0.012667251366623172,-0.010367404777096648
2021-12-21,0.017112110557358333,0.016560690898737716
2021-12-22,0.010161764143419143,0.011296270363627887
2021-12-23,0.006244842755331756,0.005492730210016069
2021-12-27,0.007950683955855084,0.014230627983841313
2021-12-28,-0.00037074924905585523,-0.0016746628043813343
2021-12-29,-8.199119480174755e-05,0.0012241011923652659
2021-12-30,-0.0029390424107306316,-0.003984785364970036
2021-12-31,-0.005423065328862539,-0.003773413347881504
2022-01-03,0.00877800969208498,0.011408752795144514
2022-01-04,-0.010183685610638652,-0.00311329693633534
2022-01-05,-0.02815528065565917,-0.019594062282704734
2022-01-06,-0.00023998890641534776,-0.0018563411590324364
2022-01-07,-0.00435054495895661,-0.0023716840548369442
2022-01-10,-0.001662467856014599,-0.0012876156327327733
2022-01-11,0.009597922291336266,0.008950470514267233
2022-01-12,0.0022342769128878863,0.003070244536232447
2022-01-13,-0.021514386047229064,-0.015505319725440501
2022-01-14,0.004396645464347736,0.0011166679834715572
2022-01-18,-0.0226465660006279,-0.017923461245961392
2022-01-19,-0.010794998049864203,-0.010041523695934484
2022-01-20,-0.012384400450529758,-0.011253172436910642
2022-01-21,-0.01375872382851441,-0.02169701666020914
2022-01-24,-0.011120097048119771,0.0029207920792080596
2022-01-25,-0.0053158863218155696,-0.011204896589170362
2022-01-26,-0.004727646454265042,-4.852124733376487e-17
2022-01-27,-0.006608839322593926,-0.0030950479233229095
2022-01-28,0.004573804573804649,0.026890335503254686
2022-01-31,0.015935430463576157,0.018969132491344694
2022-02-01,0.009981666327154136,0.007513399693721365
2022-02-02,0.00806776926179897,0.008692347883911888
2022-02-03,-0.016006402561024372,-0.027217931813902422
2022-02-04,0.0039003707023661602,0.007599961274082597
2022-02-07,0.002063099905447946,-0.0054768196012485995
2022-02-08,0.00910527476478189,0.007584174677552357
2022-02-09,0.018432677033610595,0.011985808802378293
2022-02-10,-0.013799264349532565,-0.017796857663328003
2022-02-11,-0.013127182187194735,-0.01949603767449683
2022-02-14,-0.005906143351811084,-0.003304824016267762
2022-02-15,0.021711760698304328,0.015958752115939195
2022-02-16,0.0025039615577665346,0.0009958927116817944
2022-02-17,-0.022234503512362794,-0.02100165345251156
2022-02-18,-0.007059042437412812,-0.0067481847328549095
2022-02-22,-0.012717280490772637,-0.01133594285545809
2022-02-23,-0.017795510409589144,-0.01737857402548377
2022-02-24,0.01694556755067943,0.013658519158227859
2022-02-25,0.025265429658497415,0.022063973850107714
2022-02-28,0.0011228680139891882,-0.0025585379782981895
2022-03-01,-0.018540663843845315,-0.015230286512608163
2022-03-02,0.02257964987372397,0.018396204474626546
2022-03-03,-0.009823053177916841,-0.004978419237707873
2022-03-04,-0.013784762055814538,-0.008124670078722532
2022-03-07,-0.03089998213103195,-0.029479140153179775
2022-03-08,-0.0019411699444845496,-0.007581718045919257
2022-03-09,0.02761027932562318,0.026810810810810274
2022-03-10,-0.0026200653950135674,-0.0045155705294680866
2022-03-11,-0.01439849491676777,-0.012651096086868614
2022-03-14,-0.004310766697564274,-0.009026300772942343
2022-03-15,0.01772665343131881,0.024551117625503282
2022-03-16,0.020380349554274778,0.022532188841202668
2022-03-17,0.013211508551958767,0.011492529855593962
2022-03-18,0.008192245114363715,0.012596947092822575
2022-03-21,-0.003681074371081874,0.0006342082154354778
2022-03-22,0.01085760931189868,0.013651211545023778
2022-03-23,-0.014030074036419591,-0.011832042710788783
2022-03-24,0.01049578850553196,0.012411779021660733
2022-03-25,0.0033227174263577384,0.0035096153846152518
2022-03-28,-0.000591990604571529,0.00891103339242094
2022-03-29,0.021502217090278126,0.011159124364879647
2022-03-30,-0.009438776609413405,-0.0055414670799286405
2022-03-31,-0.01363304173617131,-0.015300340007555646
2022-04-01,0.00811652173843292,0.0008152695185113098
2022-04-04,0.006644422037690389,0.011739901288994284
2022-04-05,-0.012501097453258671,-0.012882447665058186
2022-04-06,-0.0110218012522501,-0.014154111889455145
2022-04-07,0.0033756140590097423,0.005548255219739258
2022-04-08,-0.0015912978106795506,-0.005808044141135627
2022-04-11,-0.01185569787196011,-0.02005744608344277
2022-04-12,-0.004959753678149994,-0.0019375031049729155
2022-04-13,0.012761704438308978,0.010950721752115434
2022-04-14,-0.00784105402475313,-0.014081733136385902
2022-04-18,-0.003105609370063157,-0.00039952057530961017
2022-04-19,0.012301769550144778,0.01703637090327711
2022-04-20,0.0029998781715292063,-0.005403546691554999
2022-04-21,-0.014542821657683936,-0.013631649133205125
2022-04-22,-0.02286195526043209,-0.026688698612989066
2022-04-25,0.000826710320697742,0.005797577692235896
2022-04-26,-0.028764961019608466,-0.028960817717206756
2022-04-27,0.0018385688568287877,0.0028118240807489
2022-04-28,0.02164137647750239,0.025259424353536425
2022-04-29,-0.030159136944821162,-0.03695565788550914
2022-05-02,0.0048665069428973,0.00601941747572826
2022-05-03,0.007814916482565808,0.0045840571318278055
2022-05-04,0.01885466144971593,0.030452951630721887
2022-05-05,-0.032502935455925565,-0.035542814524774945
2022-05-06,-0.00985488876396497,-0.005968922935646841
2022-05-09,-0.032371313784340876,-0.030667660526037283
2022-05-10,0.004937691041617676,0.003625178512578268
2022-05-11,-0.005147402901263476,-0.01822460595446607
2022-05-12,-0.0037629350893697566,-0.004013601650035962
2022-05-13,0.028092540132200083,0.02317120949236078
2022-05-16,0.00137772675086123,-0.0034462009736885954
2022-05-17,0.01687019504926891,0.01981556702162696
2022-05-18,-0.028494894955630713,-0.041336993379622065
2022-05-19,0.0031716246689179307,-0.008870922463646127
2022-05-20,0.002464453639709917,-0.00022659038123830661
2022-05-23,0.018550205083519948,0.019649327939385203
2022-05-24,-0.0035674470457079943,-0.008406437362852709
2022-05-25,-0.0004475274110538052,0.00858908384553832
2022-05-26,0.01096933064696648,0.01957164239150886
2022-05-27,0.01240035429583708,0.024845170577830394
2022-05-31,-0.0045931758530184386,-0.005610942542021815
2022-06-01,-0.006123537586921297,-0.008088538008863467
2022-06-02,0.014663653702305763,0.01904343367757995
2022-06-03,-0.010599849695875895,-0.0164115096193009
2022-06-06,0.0008360449327541184,0.003044770302528486
2022-06-07,0.0088354004600806,0.009592267903543021
2022-06-08,-0.009276519884602288,-0.010872179727714208
2022-06-09,-0.020250949603589672,-0.02378288993726007
2022-06-10,-0.027122646258207515,-0.02899561578318062
2022-06-13,-0.03043229948038858,-0.037968188814777204
2022-06-14,-0.004083226652053059,-0.002298986088186698
2022-06-15,0.017701260911736183,0.016838995568685428
2022-06-16,-0.02406480819633061,-0.030156885531667784
2022-06-17,-0.00341796875,0.002336588580672414
2022-06-21,0.0022048015678588495,0.02689778840406448
2022-06-22,-0.00928868247372272,-0.0017462165308501979
2022-06-23,-0.0037009622501850137,0.010670553935861263
2022-06-24,0.029717682020802272,0.030923671609070103
2022-06-27,-0.0019240019240018835,-0.00419721305053513
2022-06-28,-0.005301204819277094,-0.022929077217041495
2022-06-29,-0.006056201550387552,0.0016680087426663396
2022-06-30,-0.007192388324473973,-0.009646856158484093
2022-07-01,0.009843414982768868,0.009218994607757932
2022-07-05,-0.003667363680262773,0.005170630816959548
2022-07-06,0.00226017887701003,0.004343850022862268
2022-07-07,0.011404271769603477,0.015365353972228754
2022-07-08,-0.001644328695334479,0.0001681425849119987
2022-07-11,-0.005827421507886919,-0.012944802465676504
2022-07-12,-0.00556232900429793,-0.00891336436925167
2022-07-13,-0.0070666675080909005,-0.004697256115025521
2022-07-14,-0.004568478083129821,-0.00040287769784172294
2022-07-15,0.020275958137071514,0.018367111929986173
2022-07-18,-0.005882377113341488,-0.008537343811839062
2022-07-19,0.02481764915717781,0.02560447080291953
2022-07-20,0.0032158300011050182,0.006616624965248858
2022-07-21,0.005598380718428494,0.010183144615852624
2022-07-22,-0.005681697454071207,-0.009278066150104023
2022-07-25,0.0029241356640245116,0.0012149130577843704
2022-07-26,-0.008385733486193196,-0.011831028642212396
2022-07-27,0.01648508635067352,0.02596638440481954
2022-07-28,0.011819145810449898,0.012542389786554975
2022-07-29,0.010356931222624549,0.01457876720762429
2022-08-01,-0.0016907881071532595,-0.0029612369232263564
2022-08-02,-0.010396174220336068,-0.006597365922535717
2022-08-03,0.012541067449076938,0.01565946184384637
2022-08-04,-0.002640369408757235,-0.000675594160936052
2022-08-05,0.0021263684569765152,-0.0016901272424365984
2022-08-08,0.001822833960766175,-0.0011609064744721143
2022-08-09,-0.0027496048714103593,-0.003971040461028119
2022-08-10,0.017633824972746247,0.021004011182691067
2022-08-11,0.0016250463206711043,-2.810690042389642e-18
2022-08-12,0.014017658908788143,0.01692897449939279
2022-08-15,0.005168022939873231,0.004120814797471391
2022-08-16,0.004808181600206696,0.00195868115468921
2022-08-17,-0.006297020040704104,-0.007097975331626743
2022-08-18,0.0014731364319883334,0.0023756146597121164
2022-08-19,-0.01936969914966269,-0.013305528748606712
2022-08-22,-0.026108513114797057,-0.02148023644291802
2022-08-23,-0.0008394451248378188,-0.0026371650880094317
2022-08-24,0.0030468959359073997,0.0025057978739490006
2022-08-25,0.0175881788245055,0.01411753329948987
2022-08-26,-0.039084913378605056,-0.03384901432623777
2022-08-29,-0.009037758781656833,-0.006612222743085597
2022-08-30,-0.011264347515867992,-0.01097782082805554
2022-08-31,-0.005968554658512251,-0.00760905050099192
2022-09-01,-0.0008164829884059559,0.0031378106179461595
2022-09-02,-0.009548671516918822,-0.010544372130568556
2022-09-06,-0.004643251114035365,-0.003773200081582821
2022-09-07,0.015160511919792292,0.017964991299006975
2022-09-08,0.006809503022570506,0.00653627633365183
2022-09-09,0.013594645036201808,0.015535241520555696
2022-09-12,0.00887753221633633,0.010747663551401903
2022-09-13,-0.0425169996417184,-0.04348249263936541
2022-09-14,0.002356727419842016,0.003815822945815408
2022-09-15,-0.008763902860969959,-0.011353269133299586
2022-09-16,-0.009321906406466029,-0.011688711165795278
2022-09-19,0.008547963573384092,0.0077549538333851215
2022-09-20,-0.013627298914247729,-0.011478574186076557
2022-09-21,-0.015275749747276197,-0.017443828269416015
2022-09-22,-0.022527660545226313,-0.008399798616815484
2022-09-23,-0.02380535620514608,-0.01731980405878233
2022-09-26,-0.018767557229096215,-0.011572013530354204
2022-09-27,0.003411098251812316,-0.002641690682036456
2022-09-28,0.031627511685789214,0.017336864916927434
2022-09-29,-0.022419677533247313,-0.02177514792899415
2022-09-30,-0.007283452717750713,-0.015463491275950014
2022-10-03,0.02654230225662588,0.02640125426955587
2022-10-04,0.03019998161390322,0.03098660702108431
2022-10-05,-0.0017725182319245757,-0.0023282271079712864
2022-10-06,-0.011289460164716394,-0.010315839719961195
2022-10-07,-0.022059593390121347,-0.02789389067524214
2022-10-10,-0.004007187787180924,-0.0076352710934701066
2022-10-11,0.00037313028751897537,-0.006332981501027635
2022-10-12,-0.0011449078999901559,-0.0032984849331916433
2022-10-13,0.02781137534896435,0.026391070226609987
2022-10-14,-0.01409466426745205,-0.012443438914430258
2022-10-17,0.018376477019364974,0.01765379691429325
2022-10-18,0.011586177622766909,0.011289147851429315
2022-10-19,-0.004647716389073425,-0.0036664811603347737
2022-10-20,-0.004058684808046799,-0.0034171184493343577
2022-10-21,0.024623967192120462,0.024957963799412043
2022-10-24,0.012370044068989262,0.013413535769426575
2022-10-25,0.01363911498567012,0.010918901761629496
2022-10-26,-4.227585932742935e-05,-0.0003453797607531881
2022-10-27,0.005639991004130137,0.006533073685521127
2022-10-28,0.02398801733942057,0.025338575797291485
2022-10-31,-0.0034105264427158714,-0.0035303426867123733
2022-11-01,-0.0012113019443376332,-0.003084722985767452
2022-11-02,-0.018948662510825394,-0.015471339726111366
2022-11-03,-0.004570557411019091,-0.004636544685088451
2022-11-04,0.012986275078040654,0.0133491731015725
2022-11-07,0.012056674242093822,0.013204171037206145
2022-11-08,0.00934863548000009,0.010017660313013741
2022-11-09,-0.019370435676175492,-0.019203521147990742
2022-11-10,0.040531130012647465,0.0366385934714454
2022-11-11,0.003087715541428635,0.001571487872857922
2022-11-14,-0.008665249346513913,-0.005980046774623387
2022-11-15,0.009899765526796079,0.0013104208237782267
2022-11-16,-0.009869122119835462,-0.0004164064126587537
2022-11-17,-0.003853331834799378,8.926711696965312e-05
2022-11-18,0.0041055401732144805,0.003778637310324364
2022-11-21,-0.0019663439529735414,-0.0009485135014968358
2022-11-22,0.012444348787521693,0.011600652722147947
2022-11-23,0.004034627528796225,0.002903566400750855
2022-11-25,0.0032867662020239974,0.004591314519666531
2022-11-28,-0.016199521211449845,-0.014642524452724693
2022-11-29,0.00015067820608120598,-2.9542970250111973e-05
2022-11-30,0.02900464479553922,0.022660127629402067
2022-12-01,0.0006585691165886941,-0.005026722519138727
2022-12-02,0.0002663290373385462,0.0009581603321622308
2022-12-05,-0.021224600192536018,-0.013662470267448167
2022-12-06,-0.016159348362639173,-0.010499073611152057
2022-12-07,-0.003074736613829164,-5.944243000650403e-05
2022-12-08,0.009096056472564097,0.0060040423255261445
2022-12-09,-0.0073716571319577704,-0.009129586952667842
2022-12-12,0.014053142197117095,0.015654351909830888
2022-12-13,0.003692518993399295,0.0034936292642828715
2022-12-14,-0.006585396050328356,-0.004651707088733414
2022-12-15,-0.024575957061097813,-0.021809417435776912
2022-12-16,-0.008340240006561044,-0.011508413461538414
2022-12-19,-0.013081879746633355,-0.004833267471198379
2022-12-20,0.004872691796729376,0.003054554340521796
2022-12-21,0.017069182529282974,0.01589621779645541
2022-12-22,-0.01296750603154519,-0.010011990407674148
2022-12-23,0.004787713285399714,0.005056622055350237
2022-12-27,-0.0058910021252840394,0.0013255806947247675
2022-12-28,-0.015321353973669545,-0.011433041489905878
2022-12-29,0.02415612105468803,0.01062178531211002
2022-12-30,-0.0031415457056252647,-0.0021983978799012868
2023-01-03,-0.005254500483517155,-0.0003319952917030335
2023-01-04,0.01305732798378305,0.0040456494173055635
2023-01-05,-0.014111112585052116,-0.010043300457060256
2023-01-06,0.025649771857837247,0.021444626693396307
2023-01-09,0.005313335420387905,-0.0029439752587128165
2023-01-10,0.008387211056850674,0.005786035968862846
2023-01-11,0.016207867427556782,0.0075022981348047
2023-01-12,0.005188880215779772,0.006592889098187288
2023-01-13,0.006159518895625789,0.0030409356725150222
2023-01-17,0.0013944365968153636,-0.011310634328356927
2023-01-18,-0.013390172058963295,-0.018250972992097613
2023-01-19,-0.010485836070239531,-0.007027660149563623
2023-01-20,0.02677934001277434,0.009194567946044185
2023-01-23,0.021588427141844193,0.00749243264303145
2023-01-24,-0.002096764490350844,0.0027664574471240365
2023-01-25,-0.001923434271234466,0.0006526253337289216
2023-01-26,0.018772420601313053,0.006047669868375173
2023-01-27,0.009954319220017774,0.0007366808109404328
2023-01-30,-0.02021872679403223,-0.007508612820591812
2023-01-31,0.014986047473042333,0.011184952234028675
2023-02-01,0.021383477021247748,0.00011736056099199532
2023-02-02,0.03588993752492348,0.01969252917887658
2023-02-03,-0.016648020460151205,-0.006706333198870319
2023-02-06,-0.008188919832941167,-0.014467739479160533
2023-02-07,0.019330800533802137,0.007417327701658819
2023-02-08,-0.01668038764145176,-0.014623172103486563
2023-02-09,-0.008920716471259065,-0.009929270946681073
2023-02-10,0.0007623371156748074,0.0012364335760404518
2023-02-13,0.012152139314220019,0.011114160263446807
2023-02-14,0.0008389395018256005,0.001085628986293892
2023-02-15,0.004275341661717688,0.009082282770773883
2023-02-16,-0.013867356151412371,-0.009564949089787243
2023-02-17,-0.005460136768010681,0.002751817237798495
2023-02-21,-0.02384982351082206,-0.029513798995495215
2023-02-22,0.0004970240641072163,0.002721015845915658
2023-02-23,0.005925717813601367,0.007129935085665715
2023-02-24,-0.012258924607689617,-0.009351225697379572
2023-02-27,0.0071078617997504,0.0035198122766786364
2023-02-28,-0.0013162897092090307,5.3143434128874176e-05
2023-03-01,-0.007946468332323257,0.0012753746413007839
2023-03-02,0.008272807506007758,0.002388281498779459
2023-03-03,0.020596173250595092,0.013924921903955004
2023-03-06,-0.00038038617727085373,-0.014621409921670967
2023-03-07,-0.012212872411267053,-0.01160572337042923
2023-03-08,0.00456309809555485,0.00048254785266200166
2023-03-09,-0.01832066657223116,-0.027813504823151102
2023-03-10,-0.01544209880873548,-0.01036894886715356
2023-03-13,0.004573784377601198,-0.0028461514402777777
2023-03-14,0.021891466031099132,0.010570227714697955
2023-03-15,0.0019242738847863121,-0.0082249604270771
2023-03-16,0.024626747819299744,0.01161044000751077
2023-03-17,-0.006765509133701347,-0.014694508894044889
2023-03-20,0.009867679236429651,0.011930926216640492
2023-03-21,0.016755114321100557,0.010300961836797962
2023-03-22,-0.022877650140602786,-0.016706590504268815
2023-03-23,-0.002028227016494551,0.0020613404959708426
2023-03-24,0.006685298779151944,0.0036803874092008414
2023-03-27,0.0022413864424299075,-0.006851297886712275
2023-03-28,-0.002208382534328338,-0.0053115688560694
2023-03-29,0.013460756345577474,0.018233915082052705
2023-03-30,0.005978303728337045,0.009465336403172033
2023-03-31,0.014597153155268622,0.016630765331981726
2023-04-03,0.002092394196768963,-0.0024304365437947065
2023-04-04,-0.005472027006882329,-0.003373418709979653
2023-04-05,-0.0049810593954352665,-0.009872441783934535
2023-04-06,0.003566618349401871,0.0067422132185364055
2023-04-10,0.0019336193944968125,0.003165123917584834
2023-04-11,-0.0047008806509053055,0.0027979521371533354
2023-04-12,-0.00830531719448041,-0.0008607895518028054
2023-04-13,0.018178544272972972,0.011170196963852132
2023-04-14,-0.0022141801928484603,-0.004495108264533962
2023-04-17,0.001524495049386514,0.003187345059615342
2023-04-18,0.00015401108487280354,-0.00035302424099785656
2023-04-19,-0.00045658065953430537,-0.0023837551500882604
2023-04-20,-0.007406385163322041,-0.003067937107289344
2023-04-21,0.0009436609897723436,0.0004734428169848612
2023-04-24,-0.0018748068946781845,0.0019396551724137506
2023-04-25,-0.01886374426333274,-0.01570230157023032
2023-04-26,0.006064711764895514,0.0002185314685316558
2023-04-27,0.02719081668643984,0.012672055931833156
2023-04-28,0.006898704541907333,0.00021574973031299904
2023-05-01,-0.0011470734126983722,-0.0019646365422221223
2023-05-02,-0.011595478857732083,-0.01025384886589515
2023-05-03,-0.004082059548144502,-0.008193071511189224
2023-05-04,-0.005393025084927818,-0.008320612971684871
2023-05-05,0.021861349546456358,0.01629795068367064
2023-05-08,0.00132335186378606,0.0004292766688129777
2023-05-09,-0.006333220056226723,-0.0038618322248444733
2023-05-10,0.010881731127969184,-0.0015076459185870055
2023-05-11,0.0032601340960816015,-0.004529767040552173
2023-05-12,-0.003586756591048453,-0.002166847237269789
2023-05-15,0.005414884779866515,0.0062531524217465
2023-05-16,0.0011322255882983783,-0.0018129863112797096
2023-05-17,0.01210416921384017,0.010351153125709434
2023-05-18,0.018573326890553233,0.013373710134915024
2023-05-19,-0.002253387493699412,-0.00017600770298848684
2023-05-22,0.0033579982764255787,0.0028870297725657663
2023-05-23,-0.012676223196303692,-0.012924859638741291
2023-05-24,-0.005129589632829509,-0.006834921633331466
2023-05-25,0.024332881049299055,0.01937592862187406
2023-05-26,0.02555045331449411,0.02258509217586919
2023-05-30,0.004535017221584551,0.004535017221584557
2023-05-31,-0.005818842279298918,-0.005686039202240201
2023-06-01,0.011419154525311647,0.011552056093565797
2023-06-02,0.008125093966456883,0.007499786937871015
2023-06-05,0.0005360511206004161,0.0007049203440010455
2023-06-06,0.0001986217892604071,-0.00016906170752327624
2023-06-07,-0.016611806027389823,-0.016965392853116806
2023-06-08,0.012215623682326624,0.012413279055099915
2023-06-09,0.0037068175944640607,0.0038227382132238683
2023-06-12,0.01674895288158245,0.01689703808180542
2023-06-13,0.007736330043562763,0.00768398568614926
2023-06-14,0.007267521885151006,0.007267521885151002
2023-06-15,0.011915823995627186,0.011915823995627182
2023-06-16,-0.006292875276832421,-0.006292875276832419
2023-06-20,-0.002799445546707306,-0.0027994455467073047
2023-06-21,-0.013627691469065163,-0.013627691469065176
2023-06-22,0.01179883945841409,0.011798839458414081
2023-06-23,-0.009913428189092459,-0.009913428189092464
2023-06-26,-0.0134054173332598,-0.013405417333259834
2023-06-27,0.017194140013419654,0.017194140013419672
2023-06-28,0.0019514608470989562,0.0019514608470989619
2023-06-29,-0.0020025237285345877,-0.0020025237285345963
2023-06-30,0.015420136884637605,0.01542013688463761
2023-07-03,0.002355043040441761,0.0023550430404417635
2023-07-05,-2.700586027182865e-05,-2.7005860271824364e-05
2023-07-06,-0.0076158582694176875,-0.007615858269417692
2023-07-07,-0.0033200892614161314,-0.0033200892614161327
2023-07-10,0.00032765399737889954,0.0003276539973788871
2023-07-11,0.004940495687302048,0.004940495687302041
2023-07-12,0.012630035038161614,0.012630035038161624
2023-07-13,0.016978702859288694,0.01697870285928871
2023-07-14,-0.00021099828563886784,-0.00021099828563886627
2023-07-17,0.009338644577518759,0.00933864457751876
2023-07-18,0.008180653929588777,0.008180653929588775
2023-07-19,-0.00023331777881485392,-0.00023331777881485573
2023-07-20,-0.023051990146505816,-0.022459166841860046
2023-07-21,-0.0029992568213186286,-0.002849241733517577
2023-07-24,0.0015973165082661157,0.0015036601165273802
2023-07-25,0.006777768917948892,0.006643546911324237
2023-07-26,-0.0033264691905591152,-0.003165437200205495
2023-07-27,-0.0023839796567068994,-0.0026066264377151314
2023-07-28,0.01821464606234402,0.01700618477214562
2023-07-31,0.0005215395848545755,0.0004587981546213589
2023-08-01,-0.0023196413678064913,-0.0033787373993572505
2023-08-02,-0.021944146921288522,-0.02163112997050996
2023-08-03,-0.001602606907235685,-0.0016026069072356819
2023-08-04,-0.004681773188153773,-0.004681773188153771
2023-08-07,0.008466831523492147,0.008466831523492145
2023-08-08,-0.008502358804872155,-0.008502358804872155
2023-08-09,-0.010994623655913856,-0.010994623655913858
2023-08-10,0.0018482781114945706,0.001848278111494573
2023-08-11,-0.006375647738679709,-0.006375647738679708
2023-08-14,0.011222149410222915,0.011222149410222922
2023-08-15,-0.01061158363710002,-0.01061158363710002
2023-08-16,-0.010588941651656573,-0.010588941651656579
2023-08-17,-0.010922932641915455,-0.010922932641915468
2023-08-18,-0.0012549500808745038,-0.0012549500808745034
2023-08-21,0.016111467902716763,0.016111467902716767
2023-08-22,-0.0014289640010991549,-0.0014289640010991555
2023-08-23,0.015768616874896942,0.01576861687489694
2023-08-24,-0.021375741648830927,-0.021375741648830944
2023-08-25,0.007751508775815099,0.007751508775815096
2023-08-28,0.007527058952804922,0.007527058952804921
2023-08-29,0.021839895299378347,0.021839895299378353
2023-08-30,0.005576753742295271,0.005576753742295271
2023-08-31,0.0029984609669373406,0.0029984609669373415
2023-09-01,-0.0010582290536787942,-0.0010582290536787992
2023-09-05,0.0012712201064646084,0.0012712201064646194
2023-09-06,-0.008807892718279633,-0.00880789271827964
2023-09-07,-0.007151625126754601,-0.007151625126754602
2023-09-08,0.0013976240391333455,0.0013976240391333505
2023-09-11,0.011782704385635338,0.011782704385635327
2023-09-12,-0.011088415523781687,-0.011088415523781698
2023-09-13,0.0038091150513692557,0.0038091150513692652
2023-09-14,0.008177226690895498,0.008177226690895491
2023-09-15,-0.017123015347098803,-0.016336285532734786
2023-09-18,-0.0006285710846016708,-0.0009436997097268867
2023-09-19,-0.0021941976659561693,-0.002006882862457243
2023-09-20,-0.014253956554343309,-0.013822157642356355
2023-09-21,-0.018223830793307767,-0.01823364676722999
2023-09-22,5.3651908677895235e-05,0.00022206677105353117
2023-09-25,0.0047329096902788146,0.004033908662068235
2023-09-26,-0.015165110673564408,-0.014952303670608976
2023-09-27,0.0027674054282689725,0.00195905277255547
2023-09-28,0.008406049336927127,0.008357879317262475
2023-09-29,0.00039347324706441106,0.0007262366972988739
2023-10-02,0.007581101187278758,0.00834566109358858
2023-10-03,-0.01752682711758263,-0.017549687205890452
2023-10-04,0.013189643546666614,0.013608700552237167
2023-10-05,-0.0028298030475070223,-0.002946490618485062
2023-10-06,0.016530222470932644,0.01675541553988125
2023-10-09,0.005618623782565886,0.005100082259391402
2023-10-10,0.007988642814556017,0.005537974683544222
2023-10-11,0.003854919663495048,0.007135299384139589
2023-10-12,-0.011463714474322463,-0.003475028285114037
2023-10-13,-0.010027482153341441,-0.012273297719635146
2023-10-16,0.011475166960624231,0.011024200273992313
2023-10-17,-0.0024796860702012437,-0.002990076087872141
2023-10-18,-0.013687804086143484,-0.013431214278920122
2023-10-19,-0.00967082065513298,-0.009259140460602224
2023-10-20,-0.014779601327781717,-0.014917909825818868
2023-10-23,-0.0069994472917250874,0.0030174844895656215
2023-10-24,0.007569244674484116,0.009728118761773485
2023-10-25,-0.012509460659438379,-0.02447581655667874
2023-10-26,-0.0012443877407849783,-0.019067191870754
2023-10-27,-0.011286715032368444,0.004801257056392887
2023-10-30,0.013830457561028579,0.01126523992933892
2023-10-31,0.004678569358073704,0.004782359679266878
2023-11-01,0.00637191279486215,0.017356855815544126
2023-11-02,0.018121670971867607,0.018153294486777275
2023-11-03,0.008999331660361303,0.011797872450397269
2023-11-06,0.0012645085234546363,0.003751885264057059
2023-11-07,0.0074247069997484556,0.008692411502179918
2023-11-08,-3.287510011630633e-05,0.0005145487306723169
2023-11-09,-0.0081736661196085,-0.007377016766634697
2023-11-10,0.020204805954275824,0.022482233091036807
2023-11-13,-0.0029140875348011124,-0.003118475646819436
2023-11-14,0.023317648882760365,0.02152647066620729
2023-11-15,0.0011951325912066772,0.000752601666104358
2023-11-16,-0.000192959332508367,0.0008557647424924846
2023-11-17,0.0013523607348590314,0.0002331908278274708
2023-11-20,0.01217490415500989,0.012174904155009878
2023-11-21,-0.005809489686236284,-0.005809489686236291
2023-11-22,0.004092980152907488,0.004092980152907483
2023-11-24,-0.0014100394811055116,-0.001410039481105513
2023-11-27,-0.000872891581730875,-0.0008728915817308756
2023-11-28,0.002620962561348465,0.002620962561348472
2023-11-29,-0.0009738845177989851,-0.0009738845177990069
2023-11-30,-0.002514045304122532,-0.002514045304122569
2023-12-01,0.002854718000154412,0.0028547180001543605
2023-12-04,-0.00928347950966808,-0.009283479509668121
2023-12-05,0.00251087181611109,0.0025108718161110824
2023-12-06,-0.00578377959668463,-0.005783779596684631
2023-12-07,0.01397221140111669,0.013972211401116699
2023-12-08,0.004456624747073867,0.004456624747073871
2023-12-11,0.008542213835836409,0.008542213835836423
2023-12-12,0.007964199029126377,0.00796419902912637
2023-12-13,0.012717284972533662,0.01271728497253367
2023-12-14,-0.0008668945360876728,-0.0008668945360876702
2023-12-15,0.004834031582339619,0.004834031582339632
2023-12-18,0.0042926925543989025,0.004292692554398903
2023-12-19,0.00510956077429504,0.0051095607742950334
2023-12-20,-0.014859712581875135,-0.014859712581875127
2023-12-21,0.011635407363302486,0.011635407363302484
2023-12-22,0.0014959413394806122,0.001495941339480612
2023-12-26,0.006121749351094551,0.006121749351094556
2023-12-27,0.0015089563862928975,0.0015089563862928932
2023-12-28,-0.0004860267314702449,-0.00048602673147024584
2023-12-29,-0.004327741308047695,-0.004327741308047696
2024-01-02,-0.01692225043953896,-0.01692225043953898
2024-01-03,-0.01058148488536725,-0.010581484885367263
2024-01-04,-0.00514648658147765,-0.005146486581477648
2024-01-05,0.0011860300797417152,0.0011860300797417174
2024-01-08,0.020667926906112067,0.02066792690611207
2024-01-09,0.0019755525373503675,0.001975552537350375
2024-01-10,0.006777572396795988,0.006777572396795999
2024-01-11,0.002080783353733289,0.0020807833537332936
2024-01-12,0.0005130084279956189,0.0005130084279956215
2024-01-16,-9.766578767468507e-05,-9.76657876746866e-05
2024-01-17,-0.005640750146512998,-0.005640750146513
2024-01-18,0.01419415043834892,0.014194150438348933
2024-01-19,0.018260411673981198,0.01983098864379284
2024-01-22,0.004358356915965984,0.0013058549788689364
2024-01-23,0.0030582618744574457,0.004149574372228625
2024-01-24,0.003431102163963323,0.005549258524605518
2024-01-25,0.0022953154266691328,0.0012211445882159937
2024-01-26,-0.0059575466166296165,-0.0059575466166296095
2024-01-29,0.010240437932092169,0.010240437932092172
2024-01-30,-0.0066565456031764106,-0.006656545603176412
2024-01-31,-0.019586174465083477,-0.019586174465083477
2024-02-01,0.011775427488788013,0.011775427488788025
2024-02-02,0.016900540438039346,0.016900540438039305
2024-02-05,-0.0013053308780681739,-0.0013053308780681782
2024-02-06,-0.0020072353833586664,-0.0020072353833586487
2024-02-07,0.010290231296335321,0.010290231296335306
2024-02-08,0.001851894719785203,0.0018518947197852151
2024-02-09,0.009843110977610264,0.009843110977610262
2024-02-12,-0.003912595812836086,-0.003912595812836062
2024-02-13,-0.015597004640051431,-0.01559700464005146
2024-02-14,0.010897211527242991,0.010897211527243007
2024-02-15,0.002977701860486411,0.0029777018604864084
2024-02-16,-0.00906768543877013,-0.00906768543877012
2024-02-20,-0.00754813386905728,-0.007548133869057282
2024-02-21,-0.004001684919966212,-0.004001684919966215
2024-02-22,0.02927562792227609,0.029275627922276115
2024-02-23,-0.002944734859725675,-0.002944734859725678
2024-02-26,-0.0005265808874032105,-0.0005265808874031986
2024-02-27,0.0024052227694422155,0.0024052227694422302
2024-02-28,-0.0053244972577697275,-0.005324497257769745
2024-02-29,0.008569393709651589,0.008569393709651593
2024-03-01,0.015056947608200524,0.015056947608200536
2024-03-04,-0.003568142546172769,-0.0035681425461727683
2024-03-05,-0.01794964190802206,-0.017949641908022045
2024-03-06,0.00628368306386884,0.00628368306386884
2024-03-07,0.015178103420770745,0.015178103420770736
2024-03-08,-0.014434841171848671,-0.014434841171848664
2024-03-11,-0.0030617421375006126,-0.003712814905926783
2024-03-12,0.013516762840805573,0.014335032808248984
2024-03-13,-0.006290458206602762,-0.00768606590632468
2024-03-14,-0.002396524110901968,-0.0025212947189097207
2024-03-15,-0.01144113170214295,-0.01050652359716394
2024-03-18,0.008204277286135712,0.008274692993872085
2024-03-19,0.0024915424705129734,0.004310014869022364
2024-03-20,0.011856716145655087,0.010589786859554522
2024-03-21,0.004732181084796224,0.0010232772693879613
2024-03-22,0.0011438311615492513,0.0005557400118813343
2024-03-25,-0.0036291948564003427,-0.003227654418875057
2024-03-26,-0.003237701232125189,-0.003310183709136832
2024-03-27,0.0034061174772173123,0.006630237000261126
2024-03-28,-0.0018434008497628645,-0.0011415332834328674
2024-04-01,0.00211706943537315,-0.0019451751172361851
2024-04-02,-0.008630183166647888,-0.00595362321980226
2024-04-03,0.0022443381469474683,0.00011968787465770325
2024-04-04,-0.015290658222121827,-0.012891855641882622
2024-04-05,0.011783893049111198,0.010549409399650397
2024-04-08,0.0002951392830385969,0.0005706134094152246
2024-04-09,0.0036995006808897583,-8.146971363398174e-05
2024-04-10,-0.008728489699929903,-0.007292133458263749
2024-04-11,0.01596824600223544,0.011080105055810915
2024-04-12,-0.015941801199003125,-0.013150418053413443
2024-04-15,-0.016451046158760578,-0.013407913136464509
2024-04-16,-0.0015058643618878808,-0.0020010005002500946
2024-04-17,-0.0115072839859773,-0.006182121971595731
2024-04-18,-0.0036408766533346636,-0.0012609280430395655
2024-04-19,-0.011242188468896571,-0.012372695901018404
2024-04-22,0.01054145205021009,0.009076188852906073
2024-04-23,0.015026768501488057,0.013259575186858493
2024-04-24,0.002937841530019017,-0.0006668055844967201
2024-04-25,-0.004900282290328034,-0.006046957754701983
2024-04-26,0.015099456078855373,0.013510111605269815
2024-04-29,0.004286100382963723,0.0024384320633309294
2024-04-30,-0.018856152512998336,-0.015572661282920309
2024-05-01,-0.007230504722202542,-0.0044450108622835485
2024-05-02,0.012763332700702174,0.011734174073140168
2024-05-03,0.02009838369641613,0.015326978464247114
2024-05-06,0.010953430697161703,0.010440802779262808
2024-05-07,0.00015900056785910733,0.0005682968925068928
2024-05-08,-0.0005904796511627668,0.0005790728804029598
2024-05-09,0.0021815207017224056,0.0032708511724393935
2024-05-10,0.002358169697519451,0.0016041789485187698
2024-05-13,0.002307379088811513,0.0013718528082633523
2024-05-14,0.006432246998284713,0.005117253606253371
2024-05-15,0.01563025586975519,0.012667869312487534
2024-05-16,-0.002031353499668762,-0.002018922449625983
2024-05-17,-0.00048674720120367004,0.0012296707655692352
2024-05-20,0.006972728882592699,0.0012677786141594997
2024-05-21,0.0019564309423840626,0.003521544731531764
2024-05-22,-0.00019745502413349303,-0.002641747496254346
2024-05-23,-0.004498474907287396,-0.005534690650326086
2024-05-24,0.009456421108319004,0.007553170343867823
2024-05-28,0.003777704989627695,0.0043006510159795406
2024-05-29,-0.007694988177626593,-0.004910819517561124
2024-05-30,-0.009661331284801228,-0.010620237672233402
2024-05-31,-0.0026553396017549953,0.006584197924980098
2024-06-03,0.005917061548037174,0.004360753221010814
2024-06-04,0.000546590247883601,0.002644562857706756
2024-06-05,0.020159781675726858,0.013660341705377563
2024-06-06,-0.0003451772269323914,0.0003883645966833413
2024-06-07,-0.0008848220644409601,-0.00011646414845290505
2024-06-10,0.004039225851045546,0.0022130765646839507
2024-06-11,0.006862724006626128,0.0025955913686903625
2024-06-12,0.013097730866202376,0.0078438948995363
2024-06-13,0.005420225666983067,0.004830732661120312
2024-06-14,0.005181238462829354,0.003166851081689555
2024-06-17,0.012249838268745247,0.007568842233379058
2024-06-18,0.00030924009400902264,0.0015476954437354535
2024-06-20,-0.007708002720471454,-0.0036936529473843302
2024-06-21,-0.0026792946601035283,-0.001551032760838239
2024-06-24,-0.012953475779915895,-0.005569658621604294
2024-06-25,0.011435564182631582,0.0072391983540349624
2024-06-26,0.0020651675080312066,0.004652746255106477
2024-06-27,0.002581343547682026,0.0015060808012350491
2024-06-28,-0.005190922115404612,-0.006353622316628385
2024-07-01,0.005865041430986645,0.006545592130154918
2024-07-02,0.010499667994687817,0.00721723113934525
2024-07-03,0.008337098032773493,0.006083224482179577
2024-07-05,0.010426849136526471,0.008605979672082533
2024-07-08,0.0023782650757819828,0.0003310040456050434
2024-07-09,0.0008645996702456571,0.001948601051509066
2024-07-10,0.010426502199811116,0.010971671803904346
2024-07-11,-0.02193017337362799,-0.015752604261188304
2024-07-12,0.005874819588152839,0.005457830880996941
2024-07-15,0.002687846085445145,0.003300935264991974
2024-07-16,0.0003829487050286445,0.0028148418936209253
2024-07-17,-0.02935487770479915,-0.015310586176727866
2024-07-18,-0.004732548726570697,-0.00892443837576502
2024-07-19,-0.008863584224905638,-0.008506641509708191
2024-07-22,0.01489773588081799,0.008201987610688227
2024-07-23,-0.0035246309504063347,-0.00042302085065407086
2024-07-24,-0.03587033415172068,-0.022295284630705303
2024-07-25,-0.011027666278216598,-0.004816036378516445
2024-07-26,0.011164451318976934,0.010398253309197332
2024-07-29,-0.0008434286488679535,0.0004999010179551113
2024-07-30,-0.004245109312335182,-0.005281101522095232
2024-07-31,0.01734957367259203,0.015267664764573608
2024-08-01,-0.014988363901109681,-0.013728396637663922
2024-08-02,-0.018279090853833876,-0.01711714291291355
2024-08-05,-0.027439996787564737,-0.029244047942145832
2024-08-06,0.009407128961780252,0.007184647293718429
2024-08-07,-0.004993927859169955,-0.006380892442573399
2024-08-08,0.0222821928431438,0.023803779654201922
2024-08-09,0.002014661945288292,0.005616212394941468
2024-08-12,-0.004443142527156727,0.001991798476860033
2024-08-13,0.012802155332050225,0.019332709697536647
2024-08-14,0.0018659267113233277,0.0038620373202813306
2024-08-15,0.015365999190826792,0.018550260922561197
2024-08-16,0.005440269742751632,0.002655198204936538
2024-08-19,0.00959834950886035,0.010629965312744625
2024-08-20,-0.005843444924031686,-0.001365515205196348
2024-08-21,0.005780230637358874,0.0026238959311135667
2024-08-22,-0.008541240426122223,-0.009214891264283124
2024-08-23,0.019077011301869524,0.008593749999999971
2024-08-26,-0.004574101258847611,-0.0012909888974955864
2024-08-27,-0.0019141149967416588,0.0011818584724478933
2024-08-28,-0.009338684353953066,-0.006861443116423014
2024-08-29,0.0027717072936319876,-0.0012561465759126926
2024-08-30,0.01089900579667965,0.009076357516195514
2024-09-03,-0.026160995739104676,-0.021949053046959408
2024-09-04,-0.0023602508016315033,-0.0014605204025047247
2024-09-05,-0.0005202907064489356,-0.0015272293387797059
2024-09-06,-0.022494447427753805,-0.015670112694258866
2024-09-09,0.0027898027898027988,0.010760169446847979
2024-09-10,-0.0008154259401380543,0.0033312687248122346
2024-09-11,0.002928327972732799,0.009558841132398107
2024-09-12,0.012875741910779443,0.008966155325601055
2024-09-13,0.024668021360049176,0.004947983578740283
2024-09-16,0.003396045564825996,0.0014247157780702831
2024-09-17,0.007317176928701208,-4.199268101221437e-05
2024-09-18,-0.0003289022039184315,-0.0025536921679940776
2024-09-19,0.020755845729365594,0.01645002687519094
2024-09-20,-0.009735378019786483,-0.0018832603266095715
2024-09-23,0.001243677970317554,0.0020345344808724093
2024-09-24,0.00482361709175219,0.00304759500383276
2024-09-25,0.0009271277582050158,-0.004944914113616288
2024-09-26,0.00751307068461584,0.004404988911134801
2024-09-27,-0.0055570310744275046,-0.0005927378346501972
2024-09-30,-0.0020982931543805394,0.0034950217181030935
2024-10-01,-0.0032122686445800533,-0.008696452840848717
2024-10-02,0.00901122390034888,0.0002770828697278745
2024-10-03,-0.00753230666640235,-0.0016299046150469842
2024-10-04,0.01095341603910448,0.00944968679059289
2024-10-07,-0.006077967741661844,-0.008751527148123373
2024-10-08,0.001887003254017491,0.00758459250554255
2024-10-09,0.0052070112982434205,0.006940835164317531
2024-10-10,-0.001853193288037075,-0.0010005004846319995
2024-10-11,0.007413889696310236,0.005672706703223751
2024-10-14,0.00839143830063227,0.007002941932991666
2024-10-15,-0.013366834170854271,-0.007728936829140994
2024-10-16,0.00012223693592750397,0.005173754009098247
2024-10-17,0.0006925913100159765,0.0020028022214196575
2024-10-18,0.006554707379134994,0.002350482062174197
2024-10-21,0.0019212490140958377,-0.0035231590489804045
2024-10-22,0.0010899842557829857,0.0008621503902835843
2024-10-23,-0.01532381643680934,-0.010713698434537651
2024-10-24,0.008108772217216833,-5.5148359289766675e-05
2024-10-25,0.006093597660058445,-0.0016978302624807294
2024-10-28,0.0003445369000987867,0.004525457795795992
2024-10-29,0.008794563785055247,0.00031183593287261157
2024-10-30,-0.0075381181836498825,-0.0029142595343780975
2024-10-31,-0.023859261878379792,-0.017556853060453226
2024-11-01,0.006959139240819098,0.006334282319117079
2024-11-04,-0.0026695782376294636,-0.004157934769039308
2024-11-05,0.012828658368477977,0.010620459156456968
2024-11-06,0.025695954181390437,0.029649615479557315
2024-11-07,0.015975311399462875,0.0067345779442860645
2024-11-08,0.00015878606203436317,0.003951060482247234
2024-11-11,-0.000583498657953048,0.0015198946261513785
2024-11-12,-0.0018099019149931052,-0.003365823177291863
2024-11-13,-0.0012867754576825245,0.0008118300269629538
2024-11-14,-0.00694973157637868,-0.006235893184543029
2024-11-15,-0.023825905757927167,-0.011746077445298602
2024-11-18,0.0069476609541454576,0.0027331043339446923
2024-11-19,0.006879724811007497,0.0031084559797826517
2024-11-20,-0.0005760139832359192,0.0010503988959458437
2024-11-21,0.003597193791362804,0.005253212693554593
2024-11-22,0.0016040239217394213,0.005898333627645422
2024-11-25,0.0015816840981433022,0.0058686597090592905
2024-11-26,0.005369233502438008,0.003111954810621755
2024-11-27,-0.00787339734150127,-0.002019406955868398
2024-11-29,0.008786859291509906,0.0045821277776065105
2024-12-02,0.010887903637148302,0.000522345224916039
2024-12-03,0.003066234547536519,0.00011447700185458637
2024-12-04,0.012362876545359603,0.0065311427052420525
2024-12-05,-0.0027710889423996294,-0.002389914657543023
2024-12-06,0.008949617676932356,0.000541211206036002
2024-12-09,-0.007787570278073287,-0.005529824226986587
2024-12-10,-0.003407481143994702,-0.003321265300207074
2024-12-11,0.017902420284287224,0.007346044967729176
2024-12-12,-0.006453804347826053,-0.005348908492066591
2024-12-13,0.00765432098765428,-0.00035624015463468734
2024-12-16,0.014400693645976615,0.006653797478696877
2024-12-17,-0.005226209277253105,-0.005459410612378535
2024-12-18,-0.03674663420519853,-0.030041261627364136
2024-12-19,-0.004452034532838263,0.0021129923932667527
2024-12-20,0.008784177306219464,0.009815633953791085
2024-12-23,0.007272074006142382,0.008380559848875093
2024-12-24,0.011665302300512744,0.01335195340440753
2024-12-26,0.0037935802726613635,-0.0014117172532016587
2024-12-27,-0.01382231963779154,-0.0108048066242552
2024-12-30,-0.010990929844150276,-0.011705458010072164
2024-12-31,-0.004463362799982433,-0.005474452554744436
2025-01-02,-0.0011186079406648813,-0.002700363510472647
2025-01-03,0.01591462745166831,0.011767973062102975
2025-01-06,0.00813726840951952,0.007822685788787531
2025-01-07,-0.014894009487442557,-0.013855790835432643
2025-01-08,-0.001249025221370866,0.00031069838091600337
2025-01-10,-0.019023907099378352,-0.013942573163997739
2025-01-13,-0.0005018338935265186,-0.0009449811003781177
2025-01-14,0.005552398651534973,-0.0023121387283235695
2025-01-15,0.021230632330096928,0.021594859370062128
2025-01-16,-0.0022279679541579206,-0.007424211177562411
2025-01-17,0.0168784594994933,0.011877553847219325
2025-01-21,0.005864990225016303,0.007699941822661769
2025-01-22,0.012785823170731835,0.008082591863071345
2025-01-23,0.002126018325149028,0.005659614607195881
2025-01-24,-0.005651096425352993,-0.0016749296529545736
2025-01-27,-0.02911466495477966,-0.01731427420978449
2025-01-28,0.014779953715407837,0.012941337157686077
2025-01-29,-0.0018780782277072491,-0.004584527220630182
2025-01-30,0.004262427279534418,0.002031900843238795
2025-01-31,-0.0014530159640570148,-0.0051254152024278925
2025-02-03,-0.008003216603802458,-0.007110075211861675
2025-02-04,0.01227538553589014,0.007518114203776211
2025-02-05,0.004537914466032482,0.0037771568298883805
2025-02-06,0.005219702002467563,0.003069834185854089
2025-02-07,-0.0126132930513596,-0.010943312014691122
2025-02-10,0.01210510211887096,0.00576410519751868
2025-02-11,-0.002380727444496912,0.0028298794437323846
2025-02-12,0.0005871323320516411,-0.0021117400810956805
2025-02-13,0.01438576566344873,0.010520685659694204
2025-02-14,0.004198544504571787,0.0002089996610816749
2025-02-18,0.0022670259221406796,0.0012211148604702475
2025-02-19,0.00027810223037993704,0.0032502184771314273
2025-02-20,-0.0042445136417555915,-0.004710913064172006
2025-02-21,-0.020754611618859598,-0.015946687615287423
2025-02-24,-0.011804288321167975,-0.006543319051161036
2025-02-25,-0.012599303672071743,-0.006159736219281065
2025-02-26,0.002415647159666359,0.0016674238713424326
2025-02-27,-0.027771299751243685,-0.019101486643378462
2025-02-28,0.015791472604793397,0.014178564534621586
2025-03-03,-0.021882440915441673,-0.020103586090239604
2025-03-04,-0.009029535864978915,-0.012027311919031563
2025-03-05,0.010814953589372458,0.01232987928074108
2025-03-06,-0.018281381634372422,-0.018086955885569776
2025-03-07,0.0041191109585514436,0.0048813773757574
2025-03-10,-0.0335868729168448,-0.028214435858123738
2025-03-11,-0.006210423998939459,-0.005490046139488658
2025-03-12,0.00021957363259986838,0.006730908066410933
2025-03-13,-0.013539790775413093,-0.011537568481995745
2025-03-14,0.024017938420886807,0.01980476876132743
2025-03-17,0.014806202307799584,0.007747178953301301
2025-03-18,-0.011190431756840993,-0.009754608393146989
2025-03-19,0.01458039547322474,0.0075070796157198985
2025-03-20,-0.005720306047227805,-0.0045431542489614615
2025-03-21,-0.005227689415833053,-0.0008468036167010682
2025-03-24,0.023884579420723914,0.014199876763036943
2025-03-25,-0.003932068987989494,0.002397400429360096
2025-03-26,-0.009505275597883132,-0.012898272892271594
2025-03-27,-0.0050597026967522775,0.00046348422949318347
2025-03-28,-0.019478772366563382,-0.020843858728689022
2025-03-31,-0.0013585679347488024,0.004080024216011594
2025-04-01,0.0025507455545735955,0.0022768470679847535
2025-04-02,0.010255206093504155,0.00413705837485907
2025-04-03,-0.053992527893604626,-0.0383771707880604
2025-04-04,-0.05593042872005481,-0.057728084859320135
2025-04-07,-0.005180743950332804,-0.04035129361500122
2025-04-08,-0.008140790894960004,-0.013356418501113068
2025-04-09,0.0786230344241392,0.06517924291802475
2025-04-10,-0.025610717100078784,-0.012944222169922533
2025-04-11,0.01574504650222397,0.027658559847401017
2025-04-14,0.008733298499663977,0.007267037745649249
2025-04-15,-0.004217848157466397,-0.0027788748692448018
2025-04-16,-0.017190557578459775,-0.022654978495233912
2025-04-17,-0.013635103460442943,-2.2313552931279906e-05
2025-04-21,-0.024887571545380238,-0.017311018409003773
2025-04-22,0.026859179288297286,0.017181501406059067
2025-04-23,0.012261580381471815,0.011123713138665172
2025-04-24,0.020310779395570428,0.014276797133849058
2025-04-25,-0.0002398369109005459,-0.0008298960325372438
2025-04-28,0.004318100035984148,0.0022140108796818046
2025-04-29,0.0052549862653769016,0.004440254114653685
2025-04-30,0.0021691935992093677,-0.0009042699471431601
2025-05-01,0.002187912896207426,0.005072264896003787
2025-05-02,0.015195668728431318,0.018398297480329583
2025-05-05,-0.0019069113912671956,-0.0020212210041155956
2025-05-06,-0.009664716753262392,-0.008038126949769684
2025-05-07,0.006893357719184631,-0.003931893060640845
2025-05-08,0.007096626911547894,0.003670166415843704
2025-05-09,-0.003410424330549966,0.002126515673219427
2025-05-12,0.02861126346569751,0.029898713859755316
2025-05-13,-0.005974467726308107,0.007866586274728454
2025-05-14,-0.0014928749891681002,0.004127299261325513
2025-05-15,0.0038139814628868037,0.0022582499526977444
2025-05-16,0.006313661226679819,0.00482200561577947
2025-05-19,-0.0016294946442531567,0.002173249505431058
2025-05-20,-0.0013993270942980816,-0.005068591051069463
2025-05-21,-0.016753536724483646,-0.013344074286168194
2025-05-22,0.0014887073500471537,0.0013757145459741152
2025-05-23,-0.008045410616903672,-0.006443085119197799
2025-05-27,0.02389496032776791,0.019009942755929102
2025-05-28,-0.0056551733670433,-0.0049219851193227524
2025-05-29,0.0019675421470879174,0.005227979513568742
2025-05-30,-0.0015837487809964544,-0.0014900269225816226
2025-06-02,0.00788918171028987,0.006495286994851883
2025-06-03,0.0078326490927073,0.004489202720849362
2025-06-04,0.0027772376364934774,0.0020506890646289216
2025-06-05,-0.0075269020557142685,-0.007978561196755765
2025-06-06,0.00977533870691128,0.011282596183967328
2025-06-09,0.001471920289855214,0.002993426068569403
2025-06-10,0.006613906161673231,0.004649552269253578
2025-06-11,-0.003369461447745414,-0.001130528333601694
2025-06-12,0.0023478146541200434,0.004522195658691009
2025-06-13,-0.012554810178765363,-0.01325624302786341
2025-06-16,0.013909974191589344,0.00881896092731066
2025-06-17,-0.009751258679743025,-0.010780839220063305
2025-06-18,-0.00017010660013616578,-0.0005544713334694701
2025-06-20,-0.004083252991549884,-0.007879403532243208
2025-06-23,0.009149061367044185,0.008376973309072824
2025-06-24,0.01529201542368108,0.016241499289221077
2025-06-25,0.00255659713216505,0.003260139588648155
2025-06-26,0.00935028457387843,0.007833233958880758
2025-06-27,0.0034235289809967386,0.002837549973915868
2025-06-30,0.006477038442591398,0.0029303420973248455
2025-07-01,-0.008429410485098926,0.0009653027388360173
2025-07-02,0.006965392420336557,0.004354528332900835
2025-07-03,0.009840232389252135,0.004197766445888178
2025-07-07,-0.007532990543310256,-0.010875445908990183
2025-07-08,0.0005615636831333152,0.002148876678762416
2025-07-09,0.007078973096281247,0.0059007166398985225
2025-07-10,-0.0014382022471909302,0.0024432912393888276
2025-07-11,-0.00225042758124039,-0.009034776278621832
2025-07-14,0.003626849512811339,0.002464021081644484
2025-07-15,0.0009169198683949216,-0.010798218574242
2025-07-16,0.001023854002011774,0.005401556920563391
2025-07-17,0.008092734482944229,0.00425757969429723
2025-07-18,-0.0009611961552152819,-0.0006553326645744338
2025-07-21,0.0051847628550047995,0.0006475375038161783
2025-07-22,-0.005175744899586938,0.005964603880821416
2025-07-23,0.00456124721603546,0.011392834325521285
2025-07-24,0.0021283765807631446,-0.005959207536056408
2025-07-25,0.002407037043592243,0.000990201810426859
2025-07-28,0.003125165527835033,-0.00858410400316074
2025-07-29,-0.0015489140000703992,-0.0012524576416273363
2025-07-30,0.001339773648767687,-0.005771097861616819
2025-07-31,-0.00529910918629628,-0.005971409245528308
2025-08-01,-0.019698766393515192,-0.015460666950485811
2025-08-04,0.01845165017693363,0.012664473880403579
2025-08-05,-0.006789576316256094,5.998232914926967e-05
2025-08-06,0.01258321880521906,0.008086515930777164
2025-08-07,0.0033843333568355214,0.0019685135900158615
2025-08-08,0.009328227109830493,0.005339785847807381
2025-08-11,-0.0029588373509702452,-0.0021954367438594318
2025-08-12,0.012568735271013322,0.010497770226229598
2025-08-13,0.000499956900267274,0.006457043613537425
2025-08-14,-0.0007754075197299318,-0.004298532055633734
2025-08-15,-0.004397385711083056,0.0019188819957946315
2025-08-18,-0.0003983787716077516,0.0006787757338997296
2025-08-19,-0.013567604096272886,-0.005978030224973665
2025-08-20,-0.005937324339516544,-0.001535036096489163
2025-08-21,-0.004629793249690815,-0.0037464541201643266
2025-08-22,0.015427496094304828,0.015648533196785535
2025-08-25,-0.0028847666835673017,-0.007432110838876603
2025-08-26,0.004015289661944084,0.0015618613507226878
2025-08-27,0.0015368226192347056,0.0002218952722757806
2025-08-28,0.006259917348166551,0.003880093249135207
2025-08-29,-0.01157551812573653,-0.006060969110528043
2025-09-02,-0.008380084151472626,-0.0054773645251177845
2025-09-03,0.007867472861638577,0.004860133557491783
2025-09-04,0.009051519988773286,0.003943918785426104
2025-09-05,0.0014429011004293288,0.0029867623025327944
2025-09-08,0.004877964100961751,0.005543080934611628
2025-09-09,0.0028331058786945644,0.004186563420668703
2025-09-10,0.0003272984100188844,0.005002931016811352
2025-09-11,0.005820561391424176,0.008393012440915575
2025-09-12,0.004417203122859752,0.00046527333931655
2025-09-15,0.008556915419493324,0.007183329644485139
2025-09-16,-0.0008450513791238304,0.0024169868232627365
2025-09-17,-0.001996007984031878,0.00265934782481362
2025-09-18,0.00901694915254247,-0.0009531974877961254
2025-09-19,0.006769468521131465,-0.000908026249647048
2025-09-22,0.004755151414031821,0.004006232161934176
2025-09-23,-0.0066423115244105295,-0.0036759705021528763
2025-09-24,-0.003510531594784426,-0.002449103325132604
2025-09-25,-0.00431135715483988,-0.004905235471486391
2025-09-26,0.004110996916752319,0.0011985728235834599
2025-09-29,0.004631105592563411,0.004617498947699008
2025-09-30,0.0027391311609572537,0.004347243016136254
2025-10-01,0.004797041824208479,0.005365020020206835
2025-10-02,0.004111065064235532,0.0015330518185330132
2025-10-03,-0.004209796443960239,0.0007973151180311361
2025-10-06,0.0075101959614047855,0.003914929992483171
2025-10-07,-0.005265669480508885,-0.0043970764927764566
2025-10-08,0.011463830209591295,0.0059208743478961975
2025-10-09,-0.0012102577521915258,-0.005608844893142201
2025-10-10,-0.03471426232192576,-0.03296174311820208
2025-10-13,0.0212213740458016,0.01980953007541048
2025-10-14,-0.006661018919951524,0.003751269915029306
2025-10-15,0.007056856187291016,0.008561826251505252
2025-10-16,-0.003702965693600402,-0.01119584293539633
2025-10-17,0.0065667761129350995,0.0008353053976749501
2025-10-20,0.01260079810574077,0.014613673112132216
2025-10-21,-0.0002616345619256355,-0.006113383600641421
2025-10-22,-0.009633942883313085,-0.00725281537955311
2025-10-23,0.008406414639382962,0.00780348122906489
2025-10-24,0.010678371384585043,0.009026646649438544
2025-10-27,0.017809107113919906,0.00688169578733587
2025-10-28,0.007689980735244851,0.000330200857286183
2025-10-29,0.004502938760032817,-0.005414114655121076
2025-10-30,-0.015288547745253773,-0.006105572702230536
